,name,address,city,state,zipcode,google_query,place_id
0,Hoover,3650 GALLERIA CIR,HOOVER,AL,35244-2346,Costco 3650 GALLERIA CIR HOOVER AL US,ChIJbUIlLBgiiYgRMgYdvZZWPM4
1,Huntsville,1205 N. MEMORIAL PKWY,HUNTSVILLE,AL,35801-5930,Costco 1205 N. MEMORIAL PKWY HUNTSVILLE AL US,ChIJHetN-WlrYogRnGLgbNne724
2,Mobile,1450 TINGLE CIRCLE WEST,MOBILE,AL,36606-2632,Costco 1450 TINGLE CIRCLE WEST MOBILE AL US,ChIJKfDd9U1MmogRTE8NMsebpGc
3,Montgomery,8251 EASTCHASE PKWY,MONTGOMERY,AL,36117-7033,Costco 8251 EASTCHASE PKWY MONTGOMERY AL US,ChIJZZKkwUAsjIgRAUAnQrbpN58
4,Baton Rouge,10000 DAWNADELE AVE BLDG A,BATON ROUGE,LA,70809-2591,Costco 10000 DAWNADELE AVE BLDG A BATON ROUGE LA US,ChIJ_RFlq6SkJoYRcwZPB_uXM-o
5,Lafayette,201 MEADOW FARM RD,LAFAYETTE,LA,70508-7277,Costco 201 MEADOW FARM RD LAFAYETTE LA US,ChIJdY3qFu2dJIYRNKjuZkTPmqs
6,New Orleans,3900 DUBLIN ST,NEW ORLEANS,LA,70118-4754,Costco 3900 DUBLIN ST NEW ORLEANS LA US,ChIJjYie96OlIIYRrCCd5cKpgHA
7,Moore,2651 S. TELEPHONE RD,MOORE,OK,73160-0008,Costco 2651 S. TELEPHONE RD MOORE OK US,ChIJJcf_QtJrsocROD9gFNb_Cx4
8,North Tulsa,4816 N 118TH AVE E,TULSA,OK,74116,Costco 4816 N 118TH AVE E TULSA OK US,ChIJwZpJAFHxtocR8oYRO1zv0uE
9,Oklahoma City,13200 N WESTERN AVE,OKLAHOMA CITY,OK,73114,Costco 13200 N WESTERN AVE OKLAHOMA CITY OK US,ChIJaye3fSUdsocRMB3BX0GK_sM
10,Tulsa,10220 S MEMORIAL DR,TULSA,OK,74133-7179,Costco 10220 S MEMORIAL DR TULSA OK US,ChIJRb4lRReOtocRWlwI2P_qKZQ
11,Anchorage,330 W DIMOND BLVD,ANCHORAGE,AK,99515-1903,Costco 330 W DIMOND BLVD ANCHORAGE AK US,ChIJK_i7Yc2ZyFYRx5N6toBbSlQ
12,Anchorage Business Center,1074 N MULDOON RD,ANCHORAGE,AK,99504-2073,Costco 1074 N MULDOON RD ANCHORAGE AK US,ChIJQxyVLa6VyFYRRpZwX2u6010
13,Anchorage Home Showroom,8600 KING STREET,ANCHORAGE,AK,99515,Costco 8600 KING STREET ANCHORAGE AK US,ChIJ4xt2FQCZyFYRBk8qC68HH4Q
14,Fairbanks,48 COLLEGE RD,FAIRBANKS,AK,99701-1706,Costco 48 COLLEGE RD FAIRBANKS AK US,ChIJDcgHfOdFMlERY0XgiSGofbE
15,Juneau,5225 COMMERCIAL BLVD,JUNEAU,AK,99801-7210,Costco 5225 COMMERCIAL BLVD JUNEAU AK US,ChIJ5bAfnUbgAFQR0LXAuIrKOYs
16,NE Anchorage,4125 DEBARR RD,ANCHORAGE,AK,99508-3115,Costco 4125 DEBARR RD ANCHORAGE AK US,ChIJoYf74l6WyFYRQojUezQ2l1U
17,Scarborough ME,455 SCARBOROUGH DOWNS ROAD,SCARBOROUGH,ME,04074,Costco 455 SCARBOROUGH DOWNS ROAD SCARBOROUGH ME US,ChIJLWsRfeqZskwR93VfbPz05mk
18,Albany,3130 KILLDEER AVE SE,ALBANY,OR,97322-5359,Costco 3130 KILLDEER AVE SE ALBANY OR US,ChIJu8QrAcZswFQRvWWfqcdo9SA
19,Aloha,15901 SW JENKINS RD,ALOHA,OR,97006-5045,Costco 15901 SW JENKINS RD ALOHA OR US,ChIJc3aDhuYOlVQRJz_vD-_5IAw
20,Bend,2500 NE HIGHWAY 20,BEND,OR,97701-6277,Costco 2500 NE HIGHWAY 20 BEND OR US,ChIJs3ig8ON97YcRxBzvCTc8I2w
21,Central Point,3075 HAMRICK ROAD,CENTRAL POINT,OR,97502-2844,Costco 3075 HAMRICK ROAD CENTRAL POINT OR US,ChIJSbM8EiV7z1QRvC2HfT1HgoU
22,Clackamas,13130 SE 84TH AVE,CLACKAMAS,OR,97015-9733,Costco 13130 SE 84TH AVE CLACKAMAS OR US,ChIJj0BAAZx1lVQRnsIGRirbXqI
23,Eugene,2828 CHAD DR,EUGENE,OR,97408-7336,Costco 2828 CHAD DR EUGENE OR US,ChIJXYLvEzziwFQRM6rnDfALEZ0
24,Hillsboro,1255 NE 48TH AVE,HILLSBORO,OR,97124-5008,Costco 1255 NE 48TH AVE HILLSBORO OR US,ChIJN3Aa5WYFlVQRh_QIrHNa4e8
25,Portland,4849 NE 138TH AVE,PORTLAND,OR,97230-3401,Costco 4849 NE 138TH AVE PORTLAND OR US,ChIJc3aDhuYOlVQRBkabdFqLI0w
26,Roseburg,4141 NE STEPHENS ST,ROSEBURG,OR,97470-1161,Costco 4141 NE STEPHENS ST ROSEBURG OR US,ChIJI2YUHIcYxFQRoLaXeIE0Y-U
27,Salem,4885 27TH AVE. SE,SALEM,OR,97306-6919,Costco 4885 27TH AVE. SE SALEM OR US,ChIJNxvolc34v1QRwq4_fFvj6yA
28,Tigard,7850 SW DARTMOUTH ST,TIGARD,OR,97223-8401,Costco 7850 SW DARTMOUTH ST TIGARD OR US,ChIJQyiJ3sIMlVQRFGtRglrNaWQ
29,Warrenton,1804 SE ENSIGN LN,WARRENTON,OR,97146-7339,Costco 1804 SE ENSIGN LN WARRENTON OR US,ChIJ_dWXCQZkk1QRYlWGvfYBiVc
30,Wilsonville,25900 SW HEATHER PL,WILSONVILLE,OR,97070-5785,Costco 25900 SW HEATHER PL WILSONVILLE OR US,ChIJg2Mk7dhtlVQRBo0cKii88xI
31,Avondale,10000 W MCDOWELL RD,AVONDALE,AZ,85392-4803,Costco 10000 W MCDOWELL RD AVONDALE AZ US,ChIJEZB3LKM_K4cRqhUYC4kXlbs
32,Buckeye,1111 N. VERRADO WAY,BUCKEYE,AZ,85326,Costco 1111 N. VERRADO WAY BUCKEYE AZ US,ChIJ-9ZeCI5JK4cRuUm7OCIFseU
33,Cave Creek,2450 E BEARDSLEY RD,PHOENIX,AZ,85050-1300,Costco 2450 E BEARDSLEY RD PHOENIX AZ US,ChIJ4646nzZwK4cRZGDIZ5B8lT0
34,Chandler,595 S GALLERIA WAY,CHANDLER,AZ,85226-4932,Costco 595 S GALLERIA WAY CHANDLER AZ US,ChIJaW_M7dkAK4cRXbripKBc9J0
35,Gilbert,1415 N ARIZONA AVE,GILBERT,AZ,85233-1616,Costco 1415 N ARIZONA AVE GILBERT AZ US,ChIJqaE-ajyoK4cRcR0lKoX_tCg
36,Glendale,17550 N 79TH AVE,GLENDALE,AZ,85308-8711,Costco 17550 N 79TH AVE GLENDALE AZ US,ChIJc5ohTyFoK4cRbOwgQ-ahikc
37,Mesa,1444 S SOSSAMAN RD,MESA,AZ,85209-3400,Costco 1444 S SOSSAMAN RD MESA AZ US,ChIJ7Q5MjSquK4cRZ5ll-6MnBG8
38,N Phoenix,19001 N 27TH AVE,PHOENIX,AZ,85027-5036,Costco 19001 N 27TH AVE PHOENIX AZ US,ChIJYeZ5fhdvK4cREUxsUlzs_g0
39,NW Tucson,3901 W COSTCO DR,TUCSON,AZ,85741-2864,Costco 3901 W COSTCO DR TUCSON AZ US,ChIJl0ybVCZ11oYRj-0Adc3mxX8
40,Paradise Valley,4570 E CACTUS RD,PHOENIX,AZ,85032-7702,Costco 4570 E CACTUS RD PHOENIX AZ US,ChIJe1hOErtzK4cRq4n6fRmzxwU
41,Phoenix Business Center,3801 N 33RD AVE,PHOENIX,AZ,85017-4508,Costco 3801 N 33RD AVE PHOENIX AZ US,ChIJL1m7ZmgTK4cRY_2be1RakvA
42,Prescott,3911 E STATE ROUTE 69,PRESCOTT,AZ,86301-6717,Costco 3911 E STATE ROUTE 69 PRESCOTT AZ US,ChIJd_1YOGgmLYcRAYXsVtFRR5I
43,Queen Creek,20260 S ELLSWORTH RD,QUEEN CREEK,AZ,85142,Costco 20260 S ELLSWORTH RD QUEEN CREEK AZ US,ChIJjSRcCG5NKocRpa8DXLIf5zU
44,SE Gilbert,2887 S MARKET ST,GILBERT,AZ,85295-1303,Costco 2887 S MARKET ST GILBERT AZ US,ChIJTUfjiGOsK4cR7LPCLk9RPjI
45,SW Tucson,1650 E TUCSON MARKETPLACE BLVD,TUCSON,AZ,85713-6561,Costco 1650 E TUCSON MARKETPLACE BLVD TUCSON AZ US,ChIJgaAOG4F61oYRTPZx2tAv2To
46,Scottsdale,15255 N HAYDEN RD,SCOTTSDALE,AZ,85260-2551,Costco 15255 N HAYDEN RD SCOTTSDALE AZ US,ChIJsa0pd7V1K4cR2xk38n2CPas
47,Surprise,16385 W. WADDELL RD.,SURPRISE,AZ,85388,Costco 16385 W. WADDELL RD. SURPRISE AZ US,ChIJUwDNNpdFK4cRSGYsUhq1Zl0
48,Tempe,1445 W ELLIOT RD,TEMPE,AZ,85284-1103,Costco 1445 W ELLIOT RD TEMPE AZ US,ChIJjwoMeNAFK4cRnI4jqf7v7YA
49,Thomas Road,4502 E OAK ST,PHOENIX,AZ,85008-2411,Costco 4502 E OAK ST PHOENIX AZ US,ChIJqXJs-ToMK4cR36g-fY7ctQ4
50,Tucson,6255 EAST GRANT ROAD,TUCSON,AZ,85712-5804,Costco 6255 EAST GRANT ROAD TUCSON AZ US,ChIJwwYKA1du1oYRPHiBE75lGRw
51,Arundel Mills,7077 ARUNDEL MILLS CIR,HANOVER,MD,21076-1387,Costco 7077 ARUNDEL MILLS CIR HANOVER MD US,ChIJ_bErEeHjt4kRlErHPKNZjAA
52,Beltsville,10925 BALTIMORE AVE,BELTSVILLE,MD,20705-2117,Costco 10925 BALTIMORE AVE BELTSVILLE MD US,ChIJSYmtrYPDt4kRCQenmepSnCU
53,Brandywine,16006 CRAIN HWY,BRANDYWINE,MD,20613-8081,Costco 16006 CRAIN HWY BRANDYWINE MD US,ChIJKfRK-dSjt4kR-4Uw4vIut_k
54,Columbia MD,6675 MARIE CURIE DR,ELKRIDGE,MD,21075-6457,Costco 6675 MARIE CURIE DR ELKRIDGE MD US,ChIJRXq9eVjgt4kRl08GVFPrKPs
55,Frederick,10 MONOCACY BLVD,FREDERICK,MD,21704-7256,Costco 10 MONOCACY BLVD FREDERICK MD US,ChIJ4bzfyUbayYkRXdFSBXe8Yi4
56,Gaithersburg,880 RUSSELL AVE,GAITHERSBURG,MD,20879-3506,Costco 880 RUSSELL AVE GAITHERSBURG MD US,ChIJQREr894stokR859KECNIXL8
57,Glen Burnie,575 E ORDNANCE RD,GLEN BURNIE,MD,21060-6555,Costco 575 E ORDNANCE RD GLEN BURNIE MD US,ChIJ4eEGDID9t4kRsMd5Xd4oo40
58,Owings Mills,10270 MILL RUN CIRCLE,OWINGS MILLS,MD,21117,Costco 10270 MILL RUN CIRCLE OWINGS MILLS MD US,ChIJef6KVi8XyIkRntTbd1F-Qus
59,Wheaton,11160 VEIRS MILL RD,WHEATON,MD,20902-2538,Costco 11160 VEIRS MILL RD WHEATON MD US,ChIJvwt4QB7Pt4kRpxQYYnOkcLQ
60,White Marsh,9919 PULASKI HWY,BALTIMORE,MD,21220-1411,Costco 9919 PULASKI HWY BALTIMORE MD US,ChIJv3HH4a_ix4kReMhKs-onUM4
61,Woodmore Towne Centre,2400 FIVE LEES LN,GLENARDEN,MD,20706-1617,Costco 2400 FIVE LEES LN GLENARDEN MD US,ChIJq6qqqr7Bt4kRbEeet5ujfJY
62,Allentown,791 N KROCKS RD,ALLENTOWN,PA,18106-9046,Costco 791 N KROCKS RD ALLENTOWN PA US,ChIJAdc3kVAwxIkRsQHwWqqXCAY
63,Bucks County,100 VETERANS WAY,WARMINSTER,PA,18974-3533,Costco 100 VETERANS WAY WARMINSTER PA US,ChIJy45Vx42uxokRme1Bn4GjKM8
64,Concordville,700 EVERGREEN DR,GLEN MILLS,PA,19342-2102,Costco 700 EVERGREEN DR GLEN MILLS PA US,ChIJmUBKZ6r6xokRM0KUtMA1ZCE
65,Cranberry Township,1050 CRANBERRY SQUARE DR,CRANBERRY TOWNSHIP,PA,16066-6142,Costco 1050 CRANBERRY SQUARE DR CRANBERRY TOWNSHIP PA US,ChIJE5oD6q1iNIgRyRzMn9rVTP0
66,Harrisburg,5125 JONESTOWN RD STE 221,HARRISBURG,PA,17112-2983,Costco 5125 JONESTOWN RD STE 221 HARRISBURG PA US,ChIJYyL2oe24yIkRSwMRbSn6i0U
67,Homestead,501 WATERFRONT DR W,HOMESTEAD,PA,15120-5009,Costco 501 WATERFRONT DR W HOMESTEAD PA US,ChIJcS9u_yfuNIgRqFdraIT1MrI
68,King Of Prussia,201 ALLENDALE RD,KING OF PRUSSIA,PA,19406-1634,Costco 201 ALLENDALE RD KING OF PRUSSIA PA US,ChIJTfi4G8uVxokR6bHcHi1mvOc
69,Lancaster PA,1875 HEMPSTEAD RD,LANCASTER,PA,17601-5671,Costco 1875 HEMPSTEAD RD LANCASTER PA US,ChIJ-zkFoVk7xokRFMpbhww8ncI
70,Montgomeryville,740 UPPER STATE RD,NORTH WALES,PA,19454-1403,Costco 740 UPPER STATE RD NORTH WALES PA US,ChIJY98jChCkxokRjjNVRXy5s_8
71,Robinson,202 COSTCO DR,PITTSBURGH,PA,15205-4858,Costco 202 COSTCO DR PITTSBURGH PA US,ChIJYzGX3UpZNIgR_850thltfFw
72,Sanatoga,14 W LIGHTCAP RD,POTTSTOWN,PA,19464-3413,Costco 14 W LIGHTCAP RD POTTSTOWN PA US,ChIJ96ib3GyFxokRisgK-wpd7cM
73,Little Rock,16901 CHENAL PARKWAY,LITTLE ROCK,AR,72223,Costco 16901 CHENAL PARKWAY LITTLE ROCK AR US,ChIJAXCzJ_eh0ocRP18HOhiadu8
74,Avon MA,120 STOCKWELL DR,AVON,MA,02322-1149,Costco 120 STOCKWELL DR AVON MA US,ChIJuX-pfVGD5IkRirym2foKtLY
75,Danvers,11 NEWBURY ST,DANVERS,MA,01923-1014,Costco 11 NEWBURY ST DANVERS MA US,ChIJC4M4sSIS44kRw5BXF6-erk0
76,Dedham,200 LEGACY BLVD,DEDHAM,MA,02026-2653,Costco 200 LEGACY BLVD DEDHAM MA US,ChIJbyJbMe9_44kR8OadX9O-ESw
77,Everett MA,2 MYSTIC VIEW RD,EVERETT,MA,02149-2428,Costco 2 MYSTIC VIEW RD EVERETT MA US,ChIJRaCm2Blx44kRvTr7drPALC4
78,Waltham,71 2ND AVE,WALTHAM,MA,02451-1107,Costco 71 2ND AVE WALTHAM MA US,ChIJgV-zt7ec44kRsGv1cHTnsAo
79,West Springfield,119 DAGGETT DR,WEST SPRINGFIELD,MA,01089-4672,Costco 119 DAGGETT DR WEST SPRINGFIELD MA US,ChIJi2cA07Xg5okR4Fa3poVbgvQ
80,Caguas,"200 AVE RAFAEL CORDERO, PR#30",CAGUAS BAIROA WARD,PR,00725-4302,Costco 200 AVE RAFAEL CORDERO%2C PR%2330 CAGUAS BAIROA WARD PR US,
81,Carolina,1185 AVE 65 INFANTERIA,SAN JUAN,PR,00924-3403,Costco 1185 AVE 65 INFANTERIA SAN JUAN PR US,ChIJA-3hytxuA4wRiRKuwzM2CXw
82,E Bayamon,125 CALLE A,BAYAMON,PR,00959,Costco 125 CALLE A BAYAMON PR US,ChIJ_____4tpA4wRMrF1XAQ0k1o
83,Puerto Rico Home Showroom,CARR 176 KM 0.5,SAN JUAN,PR,00926,Costco CARR 176 KM 0.5 SAN JUAN PR US,
84,W Bayamon,"PR-2, KM 15.5",BAYAMON,PR,00961,Costco PR-2%2C KM 15.5 BAYAMON PR US,ChIJ9Q_HuSZqA4wRqtZMVl7hSTw
85,Alhambra,2207 W COMMONWEALTH AVE,ALHAMBRA,CA,91803-1302,Costco 2207 W COMMONWEALTH AVE ALHAMBRA CA US,ChIJC_Zk3ALFwoARKajdsjsnn-w
86,Almaden,5301 ALMADEN EXPY,SAN JOSE,CA,95118-3603,Costco 5301 ALMADEN EXPY SAN JOSE CA US,ChIJt4iSneczjoARstrwdERQQ94
87,Antioch,2201 VERNE ROBERTS CIR,ANTIOCH,CA,94509-7911,Costco 2201 VERNE ROBERTS CIR ANTIOCH CA US,ChIJtclTNpRZhYARPe2Qcr-TQws
88,Azusa,1220 W FOOTHILL BLVD,AZUSA,CA,91702-2819,Costco 1220 W FOOTHILL BLVD AZUSA CA US,ChIJmcjiD3bYwoAROxusOtU2IRw
89,Bakersfield,3800 ROSEDALE HWY,BAKERSFIELD,CA,93308-6235,Costco 3800 ROSEDALE HWY BAKERSFIELD CA US,ChIJobbAJXVC6oARWE06qTVXeVE
90,Burbank,1051 W BURBANK BLVD,BURBANK,CA,91506-1421,Costco 1051 W BURBANK BLVD BURBANK CA US,ChIJn3898WmVwoAR0X96q80qZZk
91,Burbank Business Center,11428 SHERMAN WAY,NORTH HOLLYWOOD,CA,91605-5807,Costco 11428 SHERMAN WAY NORTH HOLLYWOOD CA US,ChIJBYKZizKUwoARHU6z1Hr78v4
92,Cal Expo (Sacramento),1600 EXPO PKWY,SACRAMENTO,CA,95815-4228,Costco 1600 EXPO PKWY SACRAMENTO CA US,ChIJVZR3tKzQmoARvfBrBDJpCls
93,Carlsbad,951 PALOMAR AIRPORT RD,CARLSBAD,CA,92011-1110,Costco 951 PALOMAR AIRPORT RD CARLSBAD CA US,ChIJxwRrluFy3IAR9wcVWwrQYl8
94,Carmel Mountain,12350 CARMEL MOUNTAIN RD,SAN DIEGO,CA,92128-4616,Costco 12350 CARMEL MOUNTAIN RD SAN DIEGO CA US,ChIJ2Qyh4arw24ARLqTTmBo9W0g
95,Chico,2100 DR MLK JR PKWY,CHICO,CA,95928-4422,Costco 2100 DR MLK JR PKWY CHICO CA US,ChIJa1_3kYIog4ARuO3o020JbYw
96,Chino Hills,13111 PEYTON DR,CHINO HILLS,CA,91709-6002,Costco 13111 PEYTON DR CHINO HILLS CA US,ChIJLYJzn2Mtw4AROq8nh34EmGM
97,Chula Vista,1130 BROADWAY,CHULA VISTA,CA,91911-2707,Costco 1130 BROADWAY CHULA VISTA CA US,ChIJO0oA19RN2YARUBRYcBBX15E
98,Citrus Heights,7000 AUBURN BLVD,CITRUS HEIGHTS,CA,95621-4342,Costco 7000 AUBURN BLVD CITRUS HEIGHTS CA US,ChIJ4fqoi6_fmoARa3OfkRfbahw
99,City Of Industry,17550 CASTLETON ST,CITY OF INDUSTRY,CA,91748-1701,Costco 17550 CASTLETON ST CITY OF INDUSTRY CA US,ChIJs1p-nncqw4ARpjJiqopT_CE
100,Clovis,2270 CLOVIS AVE,CLOVIS,CA,93612,Costco 2270 CLOVIS AVE CLOVIS CA US,ChIJHTWCDRRclIARAbW3q-oLuSI
101,Commerce Business Center,6333 TELEGRAPH RD,COMMERCE,CA,90040-2513,Costco 6333 TELEGRAPH RD COMMERCE CA US,ChIJ14nVX0HOwoAR_zLAh_k6cPY
102,Concord,2400 MONUMENT BLVD,CONCORD,CA,94520-3105,Costco 2400 MONUMENT BLVD CONCORD CA US,ChIJQYBc79ZghYARIh0oFi5vQZE
103,Corona,480 N MCKINLEY ST,CORONA,CA,92879-1291,Costco 480 N MCKINLEY ST CORONA CA US,ChIJgRJB3pK33IARRBPxtmw8JfM
104,Culver City,13463 WASHINGTON BLVD,MARINA DEL REY,CA,90292-5658,Costco 13463 WASHINGTON BLVD MARINA DEL REY CA US,ChIJVUXEro66woAR9eHVdsY_-sk
105,Cypress CA,5401 KATELLA AVE,CYPRESS,CA,90720-2809,Costco 5401 KATELLA AVE CYPRESS CA US,ChIJ-1Qaq8Mu3YARnzjFBglx5W0
106,Danville,3150 FOSTORIA WAY,DANVILLE,CA,94526-5553,Costco 3150 FOSTORIA WAY DANVILLE CA US,ChIJq4qY4sLyj4ARrMmaZmY5h-E
107,Eastvale,5030 HAMNER AVE,EASTVALE,CA,91752-1009,Costco 5030 HAMNER AVE EASTVALE CA US,ChIJoUIcqzrL3IARvaZh0WKumOM
108,El Camino,1600 EL CAMINO REAL,SOUTH SAN FRANCISCO,CA,94080-1206,Costco 1600 EL CAMINO REAL SOUTH SAN FRANCISCO CA US,ChIJU18nfCC7j4ARM2mbhMP0GZo
109,El Centro,2030 N IMPERIAL AVE,EL CENTRO,CA,92243-1323,Costco 2030 N IMPERIAL AVE EL CENTRO CA US,ChIJq6fI7qxg14ARumkyxP7GMVg
110,Elk Grove,7400 ELK GROVE BLVD,ELK GROVE,CA,95757-6299,Costco 7400 ELK GROVE BLVD ELK GROVE CA US,ChIJpXXBG6XHmoARk7KSGDD1Ghc
111,Eureka,1006 W WABASH AVE,EUREKA,CA,95501-2121,Costco 1006 W WABASH AVE EUREKA CA US,ChIJwWlOBlhV0VQRCI5bO8LMw6I
112,Fairfield,5101 BUSINESS CENTER DR,FAIRFIELD,CA,94534-1624,Costco 5101 BUSINESS CENTER DR FAIRFIELD CA US,ChIJy9e7IUcShYARs0VaLI2RTuk
113,Folsom,1800 CAVITT DR,FOLSOM,CA,95630-6235,Costco 1800 CAVITT DR FOLSOM CA US,ChIJccvQvRPlmoARJVJBcifHvd0
114,Fontana,16505 SIERRA LAKES PKWY,FONTANA,CA,92336-1256,Costco 16505 SIERRA LAKES PKWY FONTANA CA US,ChIJSV8RwRxMw4AR1BInhFNG-DM
115,Foster City,1001 METRO CENTER BLVD,FOSTER CITY,CA,94404-2177,Costco 1001 METRO CENTER BLVD FOSTER CITY CA US,ChIJs28IDc-ej4AR3at9IImuI5Y
116,Fountain Valley,17900 NEWHOPE ST,FOUNTAIN VALLEY,CA,92708-5422,Costco 17900 NEWHOPE ST FOUNTAIN VALLEY CA US,ChIJwcuOC1on3YARCBfcyI_MtRg
117,Fremont,43621 PACIFIC COMMONS BLVD,FREMONT,CA,94538-3809,Costco 43621 PACIFIC COMMONS BLVD FREMONT CA US,ChIJn6h8zmvHj4ARADy6KQ9ZhFM
118,Fresno,4500 W SHAW AVE,FRESNO,CA,93722-6200,Costco 4500 W SHAW AVE FRESNO CA US,ChIJ0RvWQQJmlIARTMTRgPLrDjw
119,Fullerton,900 S HARBOR BLVD,FULLERTON,CA,92832-3025,Costco 900 S HARBOR BLVD FULLERTON CA US,ChIJtQTwqv_V3IARaK0QWyMEzyk
120,Garden Grove,11000 GARDEN GROVE BLVD,GARDEN GROVE,CA,92843-1206,Costco 11000 GARDEN GROVE BLVD GARDEN GROVE CA US,ChIJE2GZbAoo3YARdJfsuT5AMJ8
121,Gilroy,7251 CAMINO ARROYO,GILROY,CA,95020-7340,Costco 7251 CAMINO ARROYO GILROY CA US,ChIJRfsJj5bjkYARQMJgOeMZ5xU
122,Goleta,7095 MARKET PLACE DR,GOLETA,CA,93117-5905,Costco 7095 MARKET PLACE DR GOLETA CA US,ChIJ3-PcaK5A6YARvoqmzSvMfIA
123,Great Oaks,6898 RALEIGH ROAD,SAN JOSE,CA,95119-1730,Costco 6898 RALEIGH ROAD SAN JOSE CA US,ChIJVbeG-0gujoARDPNPVV2iIoc
124,Hanford,2395 E LACEY BLVD,HANFORD,CA,93230-4740,Costco 2395 E LACEY BLVD HANFORD CA US,ChIJ6TIb_nrZlIARHdNYrC7basI
125,Hawthorne,14501 HINDRY AVENUE,HAWTHORNE,CA,90250-6748,Costco 14501 HINDRY AVENUE HAWTHORNE CA US,ChIJ9Y39XRa0woARrLpS8NxqByQ
126,Hawthorne Business Center,12530 PRAIRIE AVE,HAWTHORNE,CA,90250-4638,Costco 12530 PRAIRIE AVE HAWTHORNE CA US,ChIJQwKxpNW1woAR2ZqBhzm6pSA
127,Hayward,28505 HESPERIAN BLVD,HAYWARD,CA,94545-5008,Costco 28505 HESPERIAN BLVD HAYWARD CA US,ChIJd6HgpJyWj4ARAc6PSMUILa4
128,Hayward Business Center,22330 HATHAWAY AVE,HAYWARD,CA,94541-4861,Costco 22330 HATHAWAY AVE HAYWARD CA US,ChIJ0_bnkG2Rj4ARm1U0jNQgisw
129,Huntington Beach,7562 CENTER AVE,HUNTINGTON BEACH,CA,92647-3002,Costco 7562 CENTER AVE HUNTINGTON BEACH CA US,ChIJraMkiWkm3YARZHT9jQ1YcrI
130,Inglewood,3560 W CENTURY BLVD,INGLEWOOD,CA,90303-1201,Costco 3560 W CENTURY BLVD INGLEWOOD CA US,ChIJ-10QkkO2woARiRXgX24o-Ms
131,Irvine,115 TECHNOLOGY DR,IRVINE,CA,92618-2408,Costco 115 TECHNOLOGY DR IRVINE CA US,ChIJYa9Pxlbd3IARpbubX7xROaQ
132,La Habra,101 N BEACH BLVD,LA HABRA,CA,90631-4468,Costco 101 N BEACH BLVD LA HABRA CA US,ChIJM8cROyvVwoARlke__a5z1xQ
133,La Mesa,8125 FLETCHER PKWY,LA MESA,CA,91942-2934,Costco 8125 FLETCHER PKWY LA MESA CA US,ChIJRXruxxtX2YARKYOmBlBJHTw
134,La Quinta,79795 HIGHWAY 111,LA QUINTA,CA,92253-4756,Costco 79795 HIGHWAY 111 LA QUINTA CA US,ChIJ0UlX2Fb42oARGWh7rrBf5Hc
135,Laguna Marketplace,27220 HEATHER RIDGE RD,LAGUNA NIGUEL,CA,92677-3418,Costco 27220 HEATHER RIDGE RD LAGUNA NIGUEL CA US,ChIJKxS_5Tjv3IAR_-7uMKlgH0Y
136,Laguna Niguel,27972 CABOT RD,LAGUNA NIGUEL,CA,92677-1211,Costco 27972 CABOT RD LAGUNA NIGUEL CA US,ChIJE8vpwvDu3IARBNnUaYv7G9g
137,Lake Elsinore,29315 CENTRAL AVE,LAKE ELSINORE,CA,92532-2212,Costco 29315 CENTRAL AVE LAKE ELSINORE CA US,ChIJDx85scCZ3IARpslaOzjjvCk
138,Lakewood,340 LAKEWOOD CENTER MALL,LAKEWOOD,CA,90712-2409,Costco 340 LAKEWOOD CENTER MALL LAKEWOOD CA US,ChIJfeVn9vMy3YAR12Oe2CRY4-4
139,Lancaster CA,1141 W AVENUE L,LANCASTER,CA,93534-7077,Costco 1141 W AVENUE L LANCASTER CA US,ChIJN9x7Q1ZawoAR3OeGoguzH9k
140,Livermore,2800 INDEPENDENCE DR,LIVERMORE,CA,94551-7628,Costco 2800 INDEPENDENCE DR LIVERMORE CA US,ChIJMahawp3oj4ARSxp3c-nUVco
141,Lodi,2680 REYNOLDS RANCH PKWY,LODI,CA,95240-6848,Costco 2680 REYNOLDS RANCH PKWY LODI CA US,ChIJ9bjgU8sKkIAR2fOLzBbg_Og
142,Loomis,4101 SIERRA COLLEGE BLVD,LOOMIS,CA,95650,Costco 4101 SIERRA COLLEGE BLVD LOOMIS CA US,ChIJyUqMUAAfm4AR1Xr3vcgpByE
143,Los Feliz,2901 LOS FELIZ BLVD,LOS ANGELES,CA,90039-1502,Costco 2901 LOS FELIZ BLVD LOS ANGELES CA US,ChIJrTt6BObAwoARvxX5VDDKFa8
144,Manteca,2440 DANIELS ST,MANTECA,CA,95337-6745,Costco 2440 DANIELS ST MANTECA CA US,ChIJFQwthHdAkIARKBfLxsEAg9g
145,Marysville CA,1214 N BEALE RD,LINDA,CA,95901,Costco 1214 N BEALE RD LINDA CA US,ChIJxyJctcNTm4ARdIIUwcOA-dY
146,Merced,1445 R ST,MERCED,CA,95340-5850,Costco 1445 R ST MERCED CA US,ChIJT3DzB1hCkYARzKGpiY87NwQ
147,Mission Valley,2345 FENTON PKWY,SAN DIEGO,CA,92108-4743,Costco 2345 FENTON PKWY SAN DIEGO CA US,ChIJMa0kWApV2YARyLCalmiVcL4
148,Modesto,3801 PELANDALE AVE,MODESTO,CA,95356-8300,Costco 3801 PELANDALE AVE MODESTO CA US,ChIJFeNORRdQkIAR0aC8Kc-8uXc
149,Montclair,9404 CENTRAL AVE,MONTCLAIR,CA,91763-2421,Costco 9404 CENTRAL AVE MONTCLAIR CA US,ChIJsbObKIAxw4ARb_rkNHwuMtI
150,Monterey Park,2000 MARKET PLACE DR,MONTEREY PARK,CA,91755-7402,Costco 2000 MARKET PLACE DR MONTEREY PARK CA US,ChIJ--2jsLXRwoAR0CXkMi16Lj8
151,Morena,4605 MORENA BLVD,SAN DIEGO,CA,92117-3650,Costco 4605 MORENA BLVD SAN DIEGO CA US,ChIJnWeIw6kB3IAR0utBbFxq1Ek
152,Moreno Valley,12700 DAY ST,MORENO VALLEY,CA,92553-7521,Costco 12700 DAY ST MORENO VALLEY CA US,ChIJlVcCs1ev3IARpVNvHZON2Sc
153,Mountain View,1000 N RENGSTORFF AVE,MOUNTAIN VIEW,CA,94043-1716,Costco 1000 N RENGSTORFF AVE MOUNTAIN VIEW CA US,ChIJL6GyWAW6j4ARcTlncjl6Rbs
154,Murrieta,35875 WARM SPRINGS PARKWAY,MURRIETA,CA,92563,Costco 35875 WARM SPRINGS PARKWAY MURRIETA CA US,ChIJ1wpT5N9924ARJprjm0WvK-0
155,N Fresno,7100 N ABBY ST,FRESNO,CA,93720-2920,Costco 7100 N ABBY ST FRESNO CA US,ChIJO-U4GapClIARmtIusf8bMEw
156,NE San Jose,1709 AUTOMATION PKWY,SAN JOSE,CA,95131-1866,Costco 1709 AUTOMATION PKWY SAN JOSE CA US,ChIJs7GzhhnMj4ARphqwUzhO6bg
157,Natomas,3881 E COMMERCE WAY,SACRAMENTO,CA,95834,Costco 3881 E COMMERCE WAY SACRAMENTO CA US,ChIJ2_VLMQDXmoARSMztdSHuuUY
158,Newark,350 NEWPARK MALL,NEWARK,CA,94560,Costco 350 NEWPARK MALL NEWARK CA US,ChIJbaP-Kf2_j4ARE4_pEPWyp9k
159,Northridge,8810 TAMPA AVE,NORTHRIDGE,CA,91324-3519,Costco 8810 TAMPA AVE NORTHRIDGE CA US,ChIJBzAL_KObwoAR6bNlrMQIH_Y
160,Norwalk CA,12324 HOXIE AVE,NORWALK,CA,90650-2211,Costco 12324 HOXIE AVE NORWALK CA US,ChIJPUqIQ5jSwoARgdmVFbGb4jU
161,Novato,300 VINTAGE WAY,NOVATO,CA,94945-5007,Costco 300 VINTAGE WAY NOVATO CA US,ChIJExDjzcW8hYARXIFE4EbRayc
162,Ontario Business Center,3680 E GUASTI RD,ONTARIO,CA,91761,Costco 3680 E GUASTI RD ONTARIO CA US,ChIJATUG2ag1w4ARxcgUIQWG9Qg
163,Oxnard,2001 E VENTURA BLVD,OXNARD,CA,93036-1813,Costco 2001 E VENTURA BLVD OXNARD CA US,ChIJaUYIMA1M6IAR4W5_llyXYH0
164,Pacoima,13550 PAXTON ST,PACOIMA,CA,91331-2352,Costco 13550 PAXTON ST PACOIMA CA US,ChIJbfnV_aWRwoARohuCiKDdYQ8
165,Palm Desert,72800 DINAH SHORE DR,PALM DESERT,CA,92211-0814,Costco 72800 DINAH SHORE DR PALM DESERT CA US,ChIJv4PgaST92oARPa_cg1geQps
166,Poway,12155 TECH CENTER DR,POWAY,CA,92064-7156,Costco 12155 TECH CENTER DR POWAY CA US,ChIJgflYvaD724ARjWXUeqZPZrM
167,Rancho Cordova,11260 WHITE ROCK RD,RANCHO CORDOVA,CA,95742-6571,Costco 11260 WHITE ROCK RD RANCHO CORDOVA CA US,ChIJq0VEa1jdmoARAkbjBVtM5W0
168,Rancho Cucamonga,11800 4TH ST,RANCHO CUCAMONGA,CA,91730-6129,Costco 11800 4TH ST RANCHO CUCAMONGA CA US,ChIJb6D7QH9Kw4ARGjpjHCHYkWc
169,Rancho Del Rey,895 E H ST,CHULA VISTA,CA,91910-7807,Costco 895 E H ST CHULA VISTA CA US,ChIJKcQmNbdP2YARi9R868o24N0
170,Redding,4805 BECHELLI LANE,REDDING,CA,96002,Costco 4805 BECHELLI LANE REDDING CA US,ChIJzQldRTGT0lQRoxJ1RfugwUY
171,Redwood City,2300 MIDDLEFIELD RD,REDWOOD CITY,CA,94063-2854,Costco 2300 MIDDLEFIELD RD REDWOOD CITY CA US,ChIJo6wg-wijj4ARau3zQUzPzE8
172,Richmond CA,4801 CENTRAL AVENUE,RICHMOND,CA,94804-5801,Costco 4801 CENTRAL AVENUE RICHMOND CA US,ChIJcT8ml-d4hYARcuL5aed2-ao
173,Riverbank,2015 CLARIBEL ROAD,RIVERBANK,CA,95367,Costco 2015 CLARIBEL ROAD RIVERBANK CA US,ChIJqRVUNABXkIARjBtR_l1QIRE
174,Rohnert Park,5901 REDWOOD DR,ROHNERT PARK,CA,94928-2076,Costco 5901 REDWOOD DR ROHNERT PARK CA US,ChIJWdJeCQhKhIARjTgFVTAtqIg
175,Roseville CA,6750 STANFORD RANCH RD,ROSEVILLE,CA,95678-1907,Costco 6750 STANFORD RANCH RD ROSEVILLE CA US,ChIJAQAAAPAfm4ARWTbqkwwmQGA
176,S San Francisco,451 S AIRPORT BLVD,SOUTH SAN FRANCISCO,CA,94080-6909,Costco 451 S AIRPORT BLVD SOUTH SAN FRANCISCO CA US,ChIJ0Vn8rq55j4ARH1rdnlfaJeA
177,S San Francisco Business Center,900 DUBUQUE AVE,SOUTH SAN FRANCISCO,CA,94080-1805,Costco 900 DUBUQUE AVE SOUTH SAN FRANCISCO CA US,ChIJ0RQKLFV4j4ARHPDfKIPWUlQ
178,SE San Diego,650 GATEWAY CENTER DR,SAN DIEGO,CA,92102-4530,Costco 650 GATEWAY CENTER DR SAN DIEGO CA US,ChIJwW4FfpBT2YARPw8tUgioicE
179,SW Bakersfield,4900 PANAMA LN,BAKERSFIELD,CA,93313-3479,Costco 4900 PANAMA LN BAKERSFIELD CA US,ChIJ9a8_XRdA6oARpnNOVZE2I0Q
180,Sacramento,7981 E STOCKTON BLVD,SACRAMENTO,CA,95823-9606,Costco 7981 E STOCKTON BLVD SACRAMENTO CA US,ChIJ9YV48sTFmoARBSYqaHFQKb4
181,Sacramento Business Center,3360 EL CAMINO AVE,SACRAMENTO,CA,95821-6308,Costco 3360 EL CAMINO AVE SACRAMENTO CA US,ChIJ041B3pDbmoARSfoBUX7VOeg
182,Salinas,1339 N DAVIS RD,SALINAS,CA,93907-1988,Costco 1339 N DAVIS RD SALINAS CA US,ChIJsX-MaiT_jYAR1kXqoDWxzTY
183,San Bernardino,1099 E HOSPITALITY LN,SAN BERNARDINO,CA,92408-2813,Costco 1099 E HOSPITALITY LN SAN BERNARDINO CA US,ChIJAf8OZ3yr3IARkPXnpQhMOZA
184,San Diego Business Center,7803 OTHELLO AVE,SAN DIEGO,CA,92111-3709,Costco 7803 OTHELLO AVE SAN DIEGO CA US,ChIJlyRl0Ov_24ARmaaayot43Vo
185,San Dimas,520 N LONE HILL AVE,SAN DIMAS,CA,91773-1725,Costco 520 N LONE HILL AVE SAN DIMAS CA US,ChIJl7myzEsvw4ARnVU5p_9pytM
186,San Francisco,450 10TH ST,SAN FRANCISCO,CA,94103-4304,Costco 450 10TH ST SAN FRANCISCO CA US,ChIJC2juwih-j4ARvLq4f6Oyeuc
187,San Jose,2201 SENTER RD,SAN JOSE,CA,95112-2627,Costco 2201 SENTER RD SAN JOSE CA US,ChIJkVHbJuEyjoAR79WervoTXJw
188,San Jose Business Center,2376 S EVERGREEN LOOP,SAN JOSE,CA,95122,Costco 2376 S EVERGREEN LOOP SAN JOSE CA US,ChIJYwfaaHEzjoARl86NOxZAvQc
189,San Juan Capistrano,33961 DOHENY PARK RD,SAN JUAN CAPISTRANO,CA,92675-4835,Costco 33961 DOHENY PARK RD SAN JUAN CAPISTRANO CA US,ChIJxag-Fqbx3IAR9uHOrIGDKqk
190,San Leandro,1900 DAVIS ST,SAN LEANDRO,CA,94577-1209,Costco 1900 DAVIS ST SAN LEANDRO CA US,ChIJfy7bemSFj4ARPRFjIOGq-a4
191,San Luis Obispo,1540 FROOM RANCH WAY,SAN LUIS OBISPO,CA,93405-7211,Costco 1540 FROOM RANCH WAY SAN LUIS OBISPO CA US,ChIJOdss97jw7IAR8BZJ2wyUdWg
192,San Marcos,725 CENTER DRIVE,SAN MARCOS,CA,92069-3536,Costco 725 CENTER DRIVE SAN MARCOS CA US,ChIJ9UmL6tX024ARwFHrlJsL4B4
193,San Marcos Business Center,150 S. BENT AVE,SAN MARCOS,CA,92078,Costco 150 S. BENT AVE SAN MARCOS CA US,ChIJYTOqtBh13IARctM9oGrmZC4
194,Sand City,801 TIOGA AVE,SAND CITY,CA,93955-3050,Costco 801 TIOGA AVE SAND CITY CA US,ChIJtXd5mPLkjYARlVYbEA1ED2Q
195,Santa Clara,1601 COLEMAN AVE,SANTA CLARA,CA,95050-3122,Costco 1601 COLEMAN AVE SANTA CLARA CA US,ChIJpQP2H7HLj4AR_gUbxOt_aIY
196,Santa Clarita,18649 VIA PRINCESSA,SANTA CLARITA,CA,91387-4935,Costco 18649 VIA PRINCESSA SANTA CLARITA CA US,ChIJYQQNcMKIwoARigUw7vShSzU
197,Santa Cruz,220 SYLVANIA AVE,SANTA CRUZ,CA,95060-2161,Costco 220 SYLVANIA AVE SANTA CRUZ CA US,ChIJhyVwMzRAjoAR0I-4Q8ErKVc
198,Santa Maria,1700 S. BRADLEY RD.,SANTA MARIA,CA,93454-8001,Costco 1700 S. BRADLEY RD. SANTA MARIA CA US,ChIJDX_DOZZs7IARIESac2hz1PE
199,Santa Rosa,1900 SANTA ROSA AVE,SANTA ROSA,CA,95407-7621,Costco 1900 SANTA ROSA AVE SANTA ROSA CA US,ChIJ-Tk_WR9IhIARx-pSNCHqfxI
200,Santee,101 TOWN CENTER PKWY,SANTEE,CA,92071-5802,Costco 101 TOWN CENTER PKWY SANTEE CA US,ChIJo3BAEFX924ARMVo607bEhRo
201,Signal Hill,2200 E WILLOW ST,SIGNAL HILL,CA,90755-2132,Costco 2200 E WILLOW ST SIGNAL HILL CA US,ChIJP2HLyNYz3YAR8QswH09ZqOo
202,Simi Valley,2660 PARK CENTER DR,SIMI VALLEY,CA,93065-6207,Costco 2660 PARK CENTER DR SIMI VALLEY CA US,ChIJu3EjzZYu6IARfAbMHEOaKEw
203,Stockton,1616 E HAMMER LN,STOCKTON,CA,95210-4119,Costco 1616 E HAMMER LN STOCKTON CA US,ChIJAU5w4pMMkIARkTNRX3ou71A
204,Sunnyvale,150 LAWRENCE STATION RD,SUNNYVALE,CA,94086-5309,Costco 150 LAWRENCE STATION RD SUNNYVALE CA US,ChIJdUorRQK2j4ARDuYzIg19H2Q
205,Temecula,26610 YNEZ RD,TEMECULA,CA,92591-4697,Costco 26610 YNEZ RD TEMECULA CA US,ChIJbZenEjl-24ARQPKqBMm37AY
206,Torrance,2640 LOMITA BLVD,TORRANCE,CA,90505-5214,Costco 2640 LOMITA BLVD TORRANCE CA US,ChIJUzIRp_BK3YARVugfQys1FpE
207,Tracy,3250 W GRANT LINE RD,TRACY,CA,95304-8427,Costco 3250 W GRANT LINE RD TRACY CA US,ChIJnwfCPAQfkIAR2cd-3Hslh8I
208,Turlock,2955 N TEGNER RD,TURLOCK,CA,95380-9401,Costco 2955 N TEGNER RD TURLOCK CA US,ChIJryTqkl0HkYARmxF8ZYmDlJM
209,Tustin,2700 PARK AVE,TUSTIN,CA,92782-2708,Costco 2700 PARK AVE TUSTIN CA US,ChIJzUPoiBjc3IARyJ8cxW2-0DM
210,Tustin Ranch,2655 EL CAMINO REAL,TUSTIN,CA,92782-8918,Costco 2655 EL CAMINO REAL TUSTIN CA US,ChIJJXNSeYjb3IARQ2TWtOJRKjM
211,Ukiah,1275 AIRPORT PARK BLVD,UKIAH,CA,95482-7400,Costco 1275 AIRPORT PARK BLVD UKIAH CA US,ChIJUTEMLyFlgYARG4ugUIiG5pk
212,Vacaville,1051 HUME WAY,VACAVILLE,CA,95687-5558,Costco 1051 HUME WAY VACAVILLE CA US,ChIJ4SV66kQ9hYARPwsUqbtpEVk
213,Vallejo,198 PLAZA DR,VALLEJO,CA,94591-3702,Costco 198 PLAZA DR VALLEJO CA US,ChIJq4JZMNFyhYARQ7b7kOr6hvk
214,Van Nuys,6100 SEPULVEDA BLVD,VAN NUYS,CA,91411-2503,Costco 6100 SEPULVEDA BLVD VAN NUYS CA US,ChIJOfjRrnSXwoARILtzMtK-o0Y
215,Victorville,14555 VALLEY CENTER DR,VICTORVILLE,CA,92395-4216,Costco 14555 VALLEY CENTER DR VICTORVILLE CA US,ChIJ8Yw3dsxlw4ARGR36nhnCQnI
216,Visalia,1405 W CAMERON AVE,VISALIA,CA,93277-9527,Costco 1405 W CAMERON AVE VISALIA CA US,ChIJ3ZOTON8ulYARLPG7Krdmy_8
217,Vista,1755 HACIENDA DR,VISTA,CA,92081-4546,Costco 1755 HACIENDA DR VISTA CA US,ChIJu2oDfv1z3IARm3aOg_CC1mk
218,Westlake Village,5700 LINDERO CANYON RD,WESTLAKE VILLAGE,CA,91362-4063,Costco 5700 LINDERO CANYON RD WESTLAKE VILLAGE CA US,ChIJGSYWwmkk6IARbe-OmbfvA7o
219,Westminster Business Center,13225 BEACH BLVD,WESTMINSTER,CA,92683-9210,Costco 13225 BEACH BLVD WESTMINSTER CA US,ChIJ41gIR5go3YARNVN8VKZSPkQ
220,Woodland,2299 BRONZE STAR DR,WOODLAND,CA,95776-5409,Costco 2299 BRONZE STAR DR WOODLAND CA US,ChIJO-G8VVTRhIARjTwS3j87TtA
221,Woodland Hills,21800 VICTORY BLVD,WOODLAND HILLS,CA,91367-2227,Costco 21800 VICTORY BLVD WOODLAND HILLS CA US,ChIJVVRrFGScwoARJ-Kr1y9nWPE
222,Yorba Linda,22633 SAVI RANCH PKWY,YORBA LINDA,CA,92887-4647,Costco 22633 SAVI RANCH PKWY YORBA LINDA CA US,ChIJLRTH0dvR3IARQL1ZiYcdcTg
223,Auburn Hills,400 BROWN RD,AUBURN HILLS,MI,48326-1305,Costco 400 BROWN RD AUBURN HILLS MI US,ChIJ7y8Z1FSUJIgRuSxQkeCDnhc
224,Bloomfield,2343 S TELEGRAPH RD,BLOOMFIELD,MI,48302-0254,Costco 2343 S TELEGRAPH RD BLOOMFIELD MI US,ChIJk8cKfyC_JIgRC-NKuG9lma8
225,Commerce Township,3000 COMMERCE XING,COMMERCE TOWNSHIP,MI,48390-3082,Costco 3000 COMMERCE XING COMMERCE TOWNSHIP MI US,ChIJ6ezolmmlJIgRWKQJsQWuVL8
226,East Lansing,2540 E SAGINAW HIGHWAY,EAST LANSING,MI,48823-9719,Costco 2540 E SAGINAW HIGHWAY EAST LANSING MI US,ChIJdff-cnToIogRaz5X2tbETw8
227,Grand Rapids,5100 28TH ST SE,GRAND RAPIDS,MI,49512-2049,Costco 5100 28TH ST SE GRAND RAPIDS MI US,ChIJIXniBL9NGIgReVpz5cgr-b4
228,Green Oak Township,6700 WHITMORE LAKE RD,BRIGHTON,MI,48116-2160,Costco 6700 WHITMORE LAKE RD BRIGHTON MI US,ChIJyaIpdylQI4gRw545CKAmlh4
229,Haggerty,20000 HAGGERTY RD,LIVONIA,MI,48152-1011,Costco 20000 HAGGERTY RD LIVONIA MI US,ChIJuX8G7fqtJIgRo-r7CsBNyTM
230,Kalamazoo,5100 CENTURY AVE,KALAMAZOO,MI,49006-5714,Costco 5100 CENTURY AVE KALAMAZOO MI US,ChIJWwKhov12F4gRR3S8cueRR0I
231,Lakeside,45460 MARKET ST,SHELBY TOWNSHIP,MI,48315-6224,Costco 45460 MARKET ST SHELBY TOWNSHIP MI US,ChIJKczmLBPeJIgRUgOiHyDBj_I
232,Madison Heights,30550 STEPHENSON HWY,MADISON HEIGHTS,MI,48071-1611,Costco 30550 STEPHENSON HWY MADISON HEIGHTS MI US,ChIJqZ1ZBHTFJIgRTVI98Cryu5E
233,Middlebelt,13700 MIDDLEBELT RD,LIVONIA,MI,48150-2215,Costco 13700 MIDDLEBELT RD LIVONIA MI US,ChIJ141Top60JIgRhKxGufN4wzI
234,Midland,4816 BAY CITY RD,MIDLAND,MI,48642,Costco 4816 BAY CITY RD MIDLAND MI US,ChIJn5XBra7XI4gRUOYkXk02ebQ
235,Pittsfield Township,771 AIRPORT BLVD,ANN ARBOR,MI,48108-3601,Costco 771 AIRPORT BLVD ANN ARBOR MI US,ChIJhw1hqvOvPIgR0AmOIHqJS2Y
236,Roseville MI,27118 GRATIOT AVE,ROSEVILLE,MI,48066-2915,Costco 27118 GRATIOT AVE ROSEVILLE MI US,ChIJBz4YuiXYJIgRGtjZnQZ6t7o
237,Southfield Business Center,21110 NORTHWESTERN HWY,SOUTHFIELD,MI,48075,Costco 21110 NORTHWESTERN HWY SOUTHFIELD MI US,ChIJeZsZLOXJJIgR-66Es1kQX1Y
238,Traverse City,125 E SOUTH AIRPORT RD,TRAVERSE CITY,MI,49686-4864,Costco 125 E SOUTH AIRPORT RD TRAVERSE CITY MI US,ChIJ-b_FQBvNH4gRW3mxJtRNPZg
239,Wyoming,4901 WILSON AVE SW,WYOMING,MI,49418-8788,Costco 4901 WILSON AVE SW WYOMING MI US,ChIJ6xwj_6awGYgRXNtZAKDezag
240,Arvada,5195 WADSWORTH BLVD,ARVADA,CO,80002-4617,Costco 5195 WADSWORTH BLVD ARVADA CO US,ChIJQXplZjSGa4cRbupQZP-XM0g
241,Aurora,1471 S HAVANA ST,AURORA,CO,80012-4013,Costco 1471 S HAVANA ST AURORA CO US,ChIJi-X3zUF9bIcRwsIjyOg7Ykc
242,Denver Business Center,400 S ZUNI ST,DENVER,CO,80223-1969,Costco 400 S ZUNI ST DENVER CO US,ChIJFybdBGx_bIcR0YPloioej84
243,Douglas County,8686 PARK MEADOWS CENTER DR,LITTLETON,CO,80124-5129,Costco 8686 PARK MEADOWS CENTER DR LITTLETON CO US,ChIJf2CyW6SFbIcReTTI8GnLPnA
244,E Colorado Springs,5885 BARNES RD,COLORADO SPRINGS,CO,80922-3512,Costco 5885 BARNES RD COLORADO SPRINGS CO US,ChIJs5-O0ZFIE4cRkAwyDGhO-Yo
245,Gypsum,170 COOLEY MESA RD,GYPSUM,CO,81637-9707,Costco 170 COOLEY MESA RD GYPSUM CO US,ChIJF3svWLjAQYcRYyik0AMZyyU
246,Longmont,205 EAST KEN PRATT BLVD,LONGMONT,CO,80501,Costco 205 EAST KEN PRATT BLVD LONGMONT CO US,ChIJIY5ATo35a4cRjdwCGpiIayE
247,NE Denver,4741 N AIRPORT WAY,DENVER,CO,80239,Costco 4741 N AIRPORT WAY DENVER CO US,ChIJfz5xMHtlbIcRqdOnYK-gPf4
248,Parker,18414 COTTONWOOD DR,PARKER,CO,80138-8876,Costco 18414 COTTONWOOD DR PARKER CO US,ChIJjdmh8F2ObIcRuiy56KXMw0c
249,SW Denver,7900 W QUINCY AVE,LITTLETON,CO,80123-1350,Costco 7900 W QUINCY AVE LITTLETON CO US,ChIJddZGF3l_a4cRdz1qcrpQw1Q
250,Sheridan,4000 RIVER POINT PKWY,SHERIDAN,CO,80110-3316,Costco 4000 RIVER POINT PKWY SHERIDAN CO US,ChIJ1Zeuh22AbIcRudLyqije-pQ
251,Superior,600 MARSHALL RD,SUPERIOR,CO,80027-9730,Costco 600 MARSHALL RD SUPERIOR CO US,ChIJp5x__irza4cRT3dRCcTaN4I
252,Thornton,16375 N. WASHINGTON ST,THORNTON,CO,80023-8907,Costco 16375 N. WASHINGTON ST THORNTON CO US,ChIJ6RIBcigLbIcRy-I_ulUOzJE
253,Timnath,4705 WEITZEL ST,TIMNATH,CO,80547-4703,Costco 4705 WEITZEL ST TIMNATH CO US,ChIJE6BM1HWzbocRwJSsf8a_Xvo
254,W Colorado Springs,5050 N NEVADA AVE,COLORADO SPRINGS,CO,80918-8602,Costco 5050 N NEVADA AVE COLORADO SPRINGS CO US,ChIJz_gbE7RPE4cRDZ31wklxx3o
255,Westminster CO,6400 W 92ND AVE,WESTMINSTER,CO,80031-2952,Costco 6400 W 92ND AVE WESTMINSTER CO US,ChIJVVVVVR6Ia4cRm6CiQL3o4GY
256,Baxter,13650 ELDER DR,BAXTER,MN,56425-8818,Costco 13650 ELDER DR BAXTER MN US,ChIJmeYwb8S9tlIRYazOg7ToQIc
257,Burnsville,14050 BURNHAVEN DR,BURNSVILLE,MN,55337-4407,Costco 14050 BURNHAVEN DR BURNSVILLE MN US,ChIJt8cV9Uk69ocRkjt-x_rpvRQ
258,Coon Rapids,12547 RIVERDALE BLVD NW,MINNEAPOLIS,MN,55448-6708,Costco 12547 RIVERDALE BLVD NW MINNEAPOLIS MN US,ChIJHUfZ3ZA_s1IRjJXoYkoqCZQ
259,Duluth,4611 W ARROWHEAD RD.,DULUTH,MN,55811,Costco 4611 W ARROWHEAD RD. DULUTH MN US,ChIJ5fpK0tyzr1IRsNs6HAAzIwg
260,Eagan,995 BLUE GENTIAN RD,EAGAN,MN,55121-1542,Costco 995 BLUE GENTIAN RD EAGAN MN US,ChIJOewg90Ut9ocRSH8XArJ3a08
261,Eden Prairie,12011 TECHNOLOGY DR,EDEN PRAIRIE,MN,55344-3620,Costco 12011 TECHNOLOGY DR EDEN PRAIRIE MN US,ChIJ2dkSSLkY9ocR5H61pJTtgso
262,Maple Grove,11330 FOUNTAINS DR,MAPLE GROVE,MN,55369-7200,Costco 11330 FOUNTAINS DR MAPLE GROVE MN US,ChIJ_Tj82fA3s1IR_aQ9c_4Lm9A
263,Maplewood,1431 BEAM AVE,MAPLEWOOD,MN,55109-1064,Costco 1431 BEAM AVE MAPLEWOOD MN US,ChIJsUP_VRnUslIRV8fPwUe3XHI
264,Minneapolis Business Center,3311 BROADWAY ST NE,MINNEAPOLIS,MN,55413-4553,Costco 3311 BROADWAY ST NE MINNEAPOLIS MN US,ChIJL3WzqAsts1IR_QiReWO-T8s
265,Rochester MN,2020 COMMERCE DR NW,ROCHESTER,MN,55901-3246,Costco 2020 COMMERCE DR NW ROCHESTER MN US,ChIJU3C-lxVe94cRexHBVD2DbJY
266,St Cloud,3636 2ND ST S,SAINT CLOUD,MN,56301-3732,Costco 3636 2ND ST S SAINT CLOUD MN US,ChIJawRD3PBftFIRERI34cv1Pxg
267,St Louis Park,5801 W 16TH ST,SAINT LOUIS PARK,MN,55416-1446,Costco 5801 W 16TH ST SAINT LOUIS PARK MN US,ChIJBYFjUbw0s1IRtzbieA2KsaU
268,Woodbury,7070 TAMARACK ROAD,WOODBURY,MN,55125-1205,Costco 7070 TAMARACK ROAD WOODBURY MN US,ChIJzfDGk7DX94cRh6KNfj7fwT0
269,Charleston,3050 ASHLEY TOWN CENTER DR,CHARLESTON,SC,29414-5664,Costco 3050 ASHLEY TOWN CENTER DR CHARLESTON SC US,ChIJqeFDNEd8_ogRmQLtDll996Q
270,Columbia SC,507 PINEY GROVE RD,COLUMBIA,SC,29210-3405,Costco 507 PINEY GROVE RD COLUMBIA SC US,ChIJAYZL6AGj-IgRnoZJOjPlPws
271,Greenville,1021 WOODRUFF RD,GREENVILLE,SC,29607-4108,Costco 1021 WOODRUFF RD GREENVILLE SC US,ChIJNQoL7CgvWIgRbVkpzJkMecI
272,Mt Pleasant,3525 PARK AVENUE BLVD,MOUNT PLEASANT,SC,29466-7242,Costco 3525 PARK AVENUE BLVD MOUNT PLEASANT SC US,ChIJiRn34Idt_ogRt95xCGumcKw
273,Myrtle Beach,1021 OAK FOREST LN,MYRTLE BEACH,SC,29577-9795,Costco 1021 OAK FOREST LN MYRTLE BEACH SC US,ChIJwwCp83BpAIkRGa72-6C7iZk
274,Spartanburg,211 W BLACKSTOCK RD,SPARTANBURG,SC,29301-1382,Costco 211 W BLACKSTOCK RD SPARTANBURG SC US,ChIJBWfgnZudV4gRympbNycOs08
275,Brookfield,200 FEDERAL RD,BROOKFIELD,CT,06804-2514,Costco 200 FEDERAL RD BROOKFIELD CT US,ChIJRQuKuRD554kRVmNuzHf03QI
276,E Lyme,284 FLANDERS RD,EAST LYME,CT,06333-1710,Costco 284 FLANDERS RD EAST LYME CT US,ChIJ5eKOXCUR5okRmPPczGsUFC8
277,Enfield,75 FRESHWATER BLVD,ENFIELD,CT,06082-3854,Costco 75 FRESHWATER BLVD ENFIELD CT US,ChIJfwLxZtHk5okRkK9osbydcos
278,Milford,1718 BOSTON POST RD,MILFORD,CT,06460-2718,Costco 1718 BOSTON POST RD MILFORD CT US,ChIJZw4GkqN16IkRxO6neJxqveQ
279,New Britain,405 HARTFORD RD,NEW BRITAIN,CT,06053-1507,Costco 405 HARTFORD RD NEW BRITAIN CT US,ChIJsdMUeIet54kReLqucJo7HyU
280,Norwalk CT,779 CONNECTICUT AVENUE,NORWALK,CT,06854-1615,Costco 779 CONNECTICUT AVENUE NORWALK CT US,ChIJNVqv3hce6IkRRnJOlVwoj28
281,South Windsor,1220 TAMARACK AVE,SOUTH WINDSOR,CT,06074,Costco 1220 TAMARACK AVE SOUTH WINDSOR CT US,ChIJXXcIDLlX5okRtHCl6eltfOo
282,Waterbury,3600 E MAIN ST,WATERBURY,CT,06705-3851,Costco 3600 E MAIN ST WATERBURY CT US,ChIJq8hfDufG54kRR04Yqt9ynxg
283,Ridgeland,700 HIGHLAND COLONY PKWY,RIDGELAND,MS,39157,Costco 700 HIGHLAND COLONY PKWY RIDGELAND MS US,ChIJNb-FmvHTKYYR_MhemaATOHI
284,Sioux Falls,3700 S GRANGE AVE,SIOUX FALLS,SD,57105-6359,Costco 3700 S GRANGE AVE SIOUX FALLS SD US,ChIJARG_ZQa2jocRoFTWJUz7Mn4
285,Christiana,900 CENTER BLVD,NEWARK,DE,19702-3221,Costco 900 CENTER BLVD NEWARK DE US,ChIJcy6GMT4Bx4kR2yLFhkf1myY
286,Independence,19040 E VALLEY VIEW PKWY,INDEPENDENCE,MO,64055-7004,Costco 19040 E VALLEY VIEW PKWY INDEPENDENCE MO US,ChIJmZlrFv4cwYcRKTN-2PkHgcU
287,Kansas City,241 E LINWOOD BLVD,KANSAS CITY,MO,64111-1119,Costco 241 E LINWOOD BLVD KANSAS CITY MO US,ChIJmThyFB_wwIcRnaAUp5ww5Jk
288,Manchester MO,301 HIGHLANDS BLVD DRIVE,MANCHESTER,MO,63011-4385,Costco 301 HIGHLANDS BLVD DRIVE MANCHESTER MO US,ChIJb7d535fT2IcRsOjxmbjsNTQ
289,N Kansas City,1600 NW 88TH ST,KANSAS CITY,MO,64155-2410,Costco 1600 NW 88TH ST KANSAS CITY MO US,ChIJATPVmV5YwIcR9DeKTgwDe0I
290,S St Louis,4200 RUSTY RD,SAINT LOUIS,MO,63128-1973,Costco 4200 RUSTY RD SAINT LOUIS MO US,ChIJV6S6-vTI2IcRN8ofTHG8sVQ
291,Springfield,279 N. EASTGATE AVENUE,SPRINGFIELD,MO,65802,Costco 279 N. EASTGATE AVENUE SPRINGFIELD MO US,ChIJNY1a2dt9z4cR6NnXArzOO6U
292,St John Business Center,8421 ST JOHN INDUSTRIAL LANE,ST. LOUIS,MO,63114,Costco 8421 ST JOHN INDUSTRIAL LANE ST. LOUIS MO US,ChIJ5YCrxsQ134cRAcggRqOvKG0
293,St Peters,200 COSTCO WAY,SAINT PETERS,MO,63376-4385,Costco 200 COSTCO WAY SAINT PETERS MO US,ChIJK2kk7d3X3ocRMGIoeuRgYIU
294,University City,8685 OLIVE BLVD,SAINT LOUIS,MO,63132-2503,Costco 8685 OLIVE BLVD SAINT LOUIS MO US,ChIJx2nwfcs134cR7hLUWInu7J8
295,Brentwood,98 SEABOARD LN,BRENTWOOD,TN,37027-2930,Costco 98 SEABOARD LN BRENTWOOD TN US,ChIJg12NjP57ZIgRXR1EbNjcLhs
296,Farragut,10745 KINGSTON PIKE,KNOXVILLE,TN,37934-3002,Costco 10745 KINGSTON PIKE KNOXVILLE TN US,ChIJae7U3_guXIgRcow-a-e_sFE
297,Hendersonville,1101 FOREST RETREAT RD,HENDERSONVILLE,TN,37075,Costco 1101 FOREST RETREAT RD HENDERSONVILLE TN US,ChIJ437UeK9HZIgRWj-4X3QdSSk
298,Mt Juliet,100 LEGACY POINTE BLVD.,MT. JULIET,TN,37122,Costco 100 LEGACY POINTE BLVD. MT. JULIET TN US,ChIJ437UeK9HZIgRWj-4X3QdSSk
299,Murfreesboro,1524 BEASIE RD,MURFREESBORO,TN,37128,Costco 1524 BEASIE RD MURFREESBORO TN US,ChIJeW19fhT5Y4gRZ-fhunuu3SU
300,NE Memphis,2431 N GERMANTOWN PKWY,CORDOVA,TN,38016-4494,Costco 2431 N GERMANTOWN PKWY CORDOVA TN US,ChIJe8F65b-df4gRrg-FneWXqGg
301,SE Memphis,3775 HACKS CROSS RD,MEMPHIS,TN,38125-2302,Costco 3775 HACKS CROSS RD MEMPHIS TN US,ChIJ4QIAsnOaf4gRtoXpE_migpQ
302,W Nashville,6670 CHARLOTTE PIKE,NASHVILLE,TN,37209-4202,Costco 6670 CHARLOTTE PIKE NASHVILLE TN US,ChIJLfS6ePZhZIgRz5X9gIFpvTA
303,Washington DC,2441 MARKET ST NE,WASHINGTON,DC,20018-3840,Costco 2441 MARKET ST NE WASHINGTON DC US,ChIJdy-K1WLHt4kR0ikN6JhcEkc
304,Billings,3880 ZOO DRIVE,BILLINGS,MT,59106-3963,Costco 3880 ZOO DRIVE BILLINGS MT US,ChIJI6SqHS9jSFMR9Fe7YhXWyRQ
305,Bozeman,2505 CATRON ST,BOZEMAN,MT,59718-7993,Costco 2505 CATRON ST BOZEMAN MT US,ChIJO4p6KYRGRVMRYRvpY7tcw9I
306,Helena,2195 E CUSTER AVE,HELENA,MT,59602-1217,Costco 2195 E CUSTER AVE HELENA MT US,ChIJM3NGIUdUQ1MREcWX6FysFJA
307,Kalispell,2330 US HIGHWAY 93 N,KALISPELL,MT,59901-2547,Costco 2330 US HIGHWAY 93 N KALISPELL MT US,ChIJZ0qDlWhaZlMRngTZuDZCq18
308,Missoula,3220 N RESERVE ST,MISSOULA,MT,59808-1556,Costco 3220 N RESERVE ST MISSOULA MT US,ChIJy2fzUCrMXVMRYRm0FOfH2pQ
309,Arlington,600 W ARBROOK BLVD,ARLINGTON,TX,76014-3702,Costco 600 W ARBROOK BLVD ARLINGTON TX US,ChIJaaApP7hiToYR2nW8riqbK4k
310,Austin,10401 RESEARCH BLVD,AUSTIN,TX,78759-5712,Costco 10401 RESEARCH BLVD AUSTIN TX US,ChIJtwapOofMRIYRjgmSrwiZGGk
311,Bunker Hill,1150 BUNKER HILL RD,HOUSTON,TX,77055-6208,Costco 1150 BUNKER HILL RD HOUSTON TX US,ChIJa2OJaY3EQIYR7pFGUhJLI70
312,Cedar Park TX,4601 183A TOLL RD,CEDAR PARK,TX,78613-6310,Costco 4601 183A TOLL RD CEDAR PARK TX US,ChIJF6oc7PwsW4YRqDNCFttjGfc
313,Celina,OWNSBY PKWY,CELINA,TX,75009,Costco OWNSBY PKWY CELINA TX US,ChIJBy6RsE05TIYRyy4eTY93-gU
314,College Station,4321 STATE HWY 6 SOUTH,COLLEGE STATION,TX,77845,Costco 4321 STATE HWY 6 SOUTH COLLEGE STATION TX US,ChIJnVaqVy2FRoYR6tY6CKIKRn4
315,Cypress TX,26960 NW FREEWAY,CYPRESS,TX,77433-4934,Costco 26960 NW FREEWAY CYPRESS TX US,ChIJnWsi9oXVQIYREBX55yRTAUs
316,Dallas,8055 CHURCHILL WAY,DALLAS,TX,75251-2149,Costco 8055 CHURCHILL WAY DALLAS TX US,ChIJ93oGiBUgTIYRxB7jB9y4ALg
317,Dallas Business Center,8282 PARK LN,DALLAS,TX,75231-6023,Costco 8282 PARK LN DALLAS TX US,ChIJu5bXLL2fToYRlQZgNu1fI4A
318,Duncanville,250 W HIGHWAY 67,DUNCANVILLE,TX,75137-4415,Costco 250 W HIGHWAY 67 DUNCANVILLE TX US,ChIJ0ZWLKfiRToYRyRtTpAaCNVA
319,E Plano,3800 N CENTRAL EXPY,PLANO,TX,75074-2221,Costco 3800 N CENTRAL EXPY PLANO TX US,ChIJD8CQN64ZTIYROMrZ-1Ldjpo
320,El Paso,6101 GATEWAY BLVD W SUITE #1,EL PASO,TX,79925-3416,Costco 6101 GATEWAY BLVD W SUITE %231 EL PASO TX US,ChIJTT_0uk5a54YRel1eh9fxyRI
321,Fort Worth,5300 OVERTON RIDGE BLVD,FORT WORTH,TX,76132-3301,Costco 5300 OVERTON RIDGE BLVD FORT WORTH TX US,ChIJbzlaUWJtToYRkpOlsSbXFHs
322,Frisco,11220 DALLAS PKWY,FRISCO,TX,75033-4102,Costco 11220 DALLAS PKWY FRISCO TX US,ChIJBy6RsE05TIYRyy4eTY93-gU
323,Galleria,3836 RICHMOND AVE,HOUSTON,TX,77027-5802,Costco 3836 RICHMOND AVE HOUSTON TX US,ChIJPxCqdAPBQIYRpRHQW6I6Wk0
324,Georgetown,2201A N IH 35,GEORGETOWN,TX,78628,Costco 2201A N IH 35 GEORGETOWN TX US,ChIJZ_5mSwApRYYRksUDxDmdZ8g
325,Humble,21802 TOWNSEN BLVD W.,HUMBLE,TX,77338-1594,Costco 21802 TOWNSEN BLVD W. HUMBLE TX US,ChIJT_s5XuKyQIYR-pVqkUx0Meo
326,Kyle,19086 IH 35,KYLE,TX,78640,Costco 19086 IH 35 KYLE TX US,ChIJMWqJnLRTW4YR1xdBAOl7enQ
327,Lewisville,851 STATE HIGHWAY 121 BYP,LEWISVILLE,TX,75067-4158,Costco 851 STATE HIGHWAY 121 BYP LEWISVILLE TX US,ChIJex4mox8vTIYRP6XORqV5cq8
328,Lubbock TX,6020 34TH ST,LUBBOCK,TX,79407-3102,Costco 6020 34TH ST LUBBOCK TX US,ChIJv5UVwi9z_oYROWIxLx1M6Ek
329,McKinney,3650 W UNIVERSITY DR,MCKINNEY,TX,75071-2934,Costco 3650 W UNIVERSITY DR MCKINNEY TX US,ChIJKUWLsSMTTIYRwp6CNv7vnRY
330,N Fort Worth,8900 TEHAMA RIDGE PKWY,FORT WORTH,TX,76177-2004,Costco 8900 TEHAMA RIDGE PKWY FORT WORTH TX US,ChIJPQHP2-TYTYYRVlDoC1VEbsk
331,NW San Antonio,5611 UTSA BLVD,SAN ANTONIO,TX,78249-1619,Costco 5611 UTSA BLVD SAN ANTONIO TX US,ChIJM0ohrOtmXIYRYyRfkw35ykw
332,Pearland,3500 BUSINESS CENTER DRIVE,PEARLAND,TX,77584-1952,Costco 3500 BUSINESS CENTER DRIVE PEARLAND TX US,ChIJXbucCSyTQIYRFNsJYbImrAs
333,Pflugerville,1901 KELLY LN,PFLUGERVILLE,TX,78660,Costco 1901 KELLY LN PFLUGERVILLE TX US,ChIJaT88dkDFRIYRLVzKuwHg3lc
334,Pharr,1501 W KELLY AVE,PHARR,TX,78577-5031,Costco 1501 W KELLY AVE PHARR TX US,ChIJTUpPNaKgZYYRcWN7za40KG8
335,Rockwall,1225 STATE HIGHWAY 276,ROCKWALL,TX,75032-9376,Costco 1225 STATE HIGHWAY 276 ROCKWALL TX US,ChIJx6pIjcgBTIYRhH1IB9GE32A
336,S Austin,4301 W WILLIAM CANNON DR BLDG A STE,AUSTIN,TX,78749-1499,Costco 4301 W WILLIAM CANNON DR BLDG A STE AUSTIN TX US,ChIJDR3ux4bMRIYRiN5Q1F1_po0
337,Selma,15330 IH-35 NORTH,SELMA,TX,78154-3814,Costco 15330 IH-35 NORTH SELMA TX US,ChIJWy9G3oaNXIYREGt8T53acxw
338,Sonterra Park,1201 N LOOP 1604 E,SAN ANTONIO,TX,78232-1322,Costco 1201 N LOOP 1604 E SAN ANTONIO TX US,ChIJqVgjd_iJXIYRsSIsNPTN2nQ
339,Southlake,2601 E STATE HIGHWAY 114,SOUTHLAKE,TX,76092-6668,Costco 2601 E STATE HIGHWAY 114 SOUTHLAKE TX US,ChIJp6rqUMDUTYYRNeFTtVUk0PE
340,Stafford Business Center,12717 NETWORK DR,STAFFORD,TX,77477,Costco 12717 NETWORK DR STAFFORD TX US,ChIJxZJ3zr7pQIYR-3j99a43Nno
341,Sugar Land,17520 SOUTHWEST FWY,SUGAR LAND,TX,77479-2359,Costco 17520 SOUTHWEST FWY SUGAR LAND TX US,ChIJY0MNt6zmQIYRTnoahLyFqzQ
342,W Katy,23645 KATY FREEWAY,KATY,TX,77494-7221,Costco 23645 KATY FREEWAY KATY TX US,ChIJSYGIkuYmQYYRvGlGOBhh7bo
343,W Plano,1701 DALLAS PKWY,PLANO,TX,75093-4580,Costco 1701 DALLAS PKWY PLANO TX US,ChIJ3_CQCIEjTIYR9C9tqQEz8_k
344,W San Antonio,191 W LOOP 1604 S,SAN ANTONIO,TX,78245-4191,Costco 191 W LOOP 1604 S SAN ANTONIO TX US,ChIJPfNk0JtDXIYRd9F9xDxl8D4
345,Webster,1310 JASMINE AVE,WEBSTER,TX,77598,Costco 1310 JASMINE AVE WEBSTER TX US,ChIJHyMAvUidQIYRM3aEzCTigTI
346,Willowbrook,12405 N GESSNER RD,HOUSTON,TX,77064-1170,Costco 12405 N GESSNER RD HOUSTON TX US,ChIJD9PAmePNQIYRuSbhrge9WZI
347,Woodlands,8185 HIGHWAY 242,CONROE,TX,77385-4365,Costco 8185 HIGHWAY 242 CONROE TX US,ChIJq6qqluM2R4YRJjRGK7LLSBE
348,Altamonte Springs,741 ORANGE AVE,ALTAMONTE SPRINGS,FL,32714-3031,Costco 741 ORANGE AVE ALTAMONTE SPRINGS FL US,ChIJQU6UvEhx54gRhHp5Vk2E_yk
349,Boca Raton,17800 CONGRESS AVE,BOCA RATON,FL,33487-1200,Costco 17800 CONGRESS AVE BOCA RATON FL US,ChIJ1_h0ftYf2YgRJot6N1thjkE
350,Bradenton,805 LIGHTHOUSE DRIVE,BRADENTON,FL,34212,Costco 805 LIGHTHOUSE DRIVE BRADENTON FL US,ChIJG1ob2Xo7w4gRmCW8qbgDdek
351,Brandon,10921 CAUSEWAY BLVD,BRANDON,FL,33511-1997,Costco 10921 CAUSEWAY BLVD BRANDON FL US,ChIJLwC1mjjOwogRVj6CHjSlJBA
352,Clearwater,2655 GULF TO BAY BLVD,CLEARWATER,FL,33759-4936,Costco 2655 GULF TO BAY BLVD CLEARWATER FL US,ChIJ5enxZdHvwogRP5b0gMf48Tc
353,Clermont,4600 COLLINA TERRACE,CLERMONT,FL,34711,Costco 4600 COLLINA TERRACE CLERMONT FL US,ChIJSwTM7baF54gR8FY7x5frfMI
354,Coral Springs,4621 CORAL RIDGE DR.,CORAL SPRINGS,FL,33076-2200,Costco 4621 CORAL RIDGE DR. CORAL SPRINGS FL US,ChIJC5-gl04R2YgRB6UMs5oZOb0
355,Davie,1890 S UNIVERSITY DR,DAVIE,FL,33324-5808,Costco 1890 S UNIVERSITY DR DAVIE FL US,ChIJcW9bjo4H2YgRGakI3pTnGQE
356,Daytona,150 PIT ROAD,DAYTONA BEACH,FL,32114,Costco 150 PIT ROAD DAYTONA BEACH FL US,ChIJi9PrFwDf5ogRyCKQ_XFPoxw
357,E Jacksonville,4901 GATE PKWY,JACKSONVILLE,FL,32246-4405,Costco 4901 GATE PKWY JACKSONVILLE FL US,ChIJnUML6aDK5YgRmCXbzmLR7Ds
358,E Orlando,3333 UNIVERSITY BLVD,WINTER PARK,FL,32792-7428,Costco 3333 UNIVERSITY BLVD WINTER PARK FL US,ChIJne1-v55v54gRkMBiX0ev6r8
359,Estero,10088 GULF CENTER DR,FORT MYERS,FL,33913-8961,Costco 10088 GULF CENTER DR FORT MYERS FL US,ChIJ1wJxM3MU24gRIGUjiXcKGfc
360,Fort Myers,7171 CYPRESS LAKE DR,FORT MYERS,FL,33907-6521,Costco 7171 CYPRESS LAKE DR FORT MYERS FL US,ChIJSwi6_-Y_24gRb8GiQEmbklE
361,Kendall,13450 SW 120TH ST,MIAMI,FL,33186-7393,Costco 13450 SW 120TH ST MIAMI FL US,ChIJT568PqDB2YgRvAbdSrGEHZs
362,Lantana,1873 LANTANA RD,LANTANA,FL,33462-2601,Costco 1873 LANTANA RD LANTANA FL US,ChIJQeJSUfTY2IgR-NsOev1T8qY
363,Melbourne,4305 PINEDA CAUSEWAY,MELBOURNE,FL,32940,Costco 4305 PINEDA CAUSEWAY MELBOURNE FL US,ChIJaX5ZnOgF3ogRcpfmgmBf9Eg
364,Miami,7795 WEST FLAGLER STREET,MIAMI,FL,33144-2359,Costco 7795 WEST FLAGLER STREET MIAMI FL US,ChIJKXE7OQe52YgRiFZwl3hGO2Y
365,Miami Lakes,16580 NW 59TH AVE,MIAMI LAKES,FL,33014-5611,Costco 16580 NW 59TH AVE MIAMI LAKES FL US,ChIJObBdoUCl2YgRyAXIScc4RUw
366,N Miami,14800 SOLE MIA WAY,NORTH MIAMI,FL,33181,Costco 14800 SOLE MIA WAY NORTH MIAMI FL US,ChIJh1-9V5Ct2YgR2FzCHZT07X8
367,Naples,6275 NAPLES BLVD,NAPLES,FL,34109-2030,Costco 6275 NAPLES BLVD NAPLES FL US,ChIJYwY2adcd24gRejVdpJn7o9c
368,North Port,11700 MEZZO DRIVE,NORTH PORT,FL,34293,Costco 11700 MEZZO DRIVE NORTH PORT FL US,ChIJ7WrwRABXw4gRER2H5BdnTes
369,Orlando Business Center,2101 WATERBRIDGE BLVD,ORLANDO,FL,32837-9283,Costco 2101 WATERBRIDGE BLVD ORLANDO FL US,ChIJt7M1wyeA3YgRNc0Li7ENebw
370,Palm Beach Gardens,3250 NORTHLAKE BLVD,PALM BEACH GARDENS,FL,33403-1702,Costco 3250 NORTHLAKE BLVD PALM BEACH GARDENS FL US,ChIJ1XLtRFvV2IgRFEag4uPtz24
371,Pembroke Pines,15915 PINES BLVD,PEMBROKE PINES,FL,33027-1201,Costco 15915 PINES BLVD PEMBROKE PINES FL US,ChIJF3OVoK6m2YgRcT0Z4QlvpWQ
372,Pompano,1800 W SAMPLE RD,POMPANO BEACH,FL,33064-1324,Costco 1800 W SAMPLE RD POMPANO BEACH FL US,ChIJ66fVC9Qc2YgRbmh-m-faTCU
373,Royal Palm Beach,11001 SOUTHERN BLVD,ROYAL PALM BEACH,FL,33411-4240,Costco 11001 SOUTHERN BLVD ROYAL PALM BEACH FL US,ChIJhwkHQBAv2YgRmGOeg-SpEmk
374,S Orlando,4696 GARDENS PARK BLVD,ORLANDO,FL,32839-2171,Costco 4696 GARDENS PARK BLVD ORLANDO FL US,ChIJV6A6YP9754gRIiAELvuktOQ
375,Sarasota Mall,8201 S TAMIAMI TRL UNIT 501,SARASOTA,FL,34238-2966,Costco 8201 S TAMIAMI TRL UNIT 501 SARASOTA FL US,ChIJO7xcRupDw4gRatQr7ftc7ek
376,St Augustine,215 WORLD COMMERCE PARKWAY,ST. AUGUSTINE,FL,32092,Costco 215 WORLD COMMERCE PARKWAY ST. AUGUSTINE FL US,ChIJf260l-4t5IgRLpggVdHf2Lw
377,Tallahassee,4067 LAGNIAPPE WAY,TALLAHASSEE,FL,32317-1201,Costco 4067 LAGNIAPPE WAY TALLAHASSEE FL US,ChIJg3cXhO5e7IgRZF-BQe8EGOc
378,W Jacksonville,8000 PARRAMORE RD,JACKSONVILLE,FL,32244-5704,Costco 8000 PARRAMORE RD JACKSONVILLE FL US,ChIJHXyCh-rG5YgRZrpLakSuTtg
379,W Tampa,8712 W LINEBAUGH AVE,TAMPA,FL,33625-3713,Costco 8712 W LINEBAUGH AVE TAMPA FL US,ChIJQ18YDWfqwogRpvxhJrcOfY8
380,Wesley Chapel,2225 GRAND CYPRESS DR,LUTZ,FL,33559-6797,Costco 2225 GRAND CYPRESS DR LUTZ FL US,ChIJ338KLAS6wogRxHiHFUBuCjw
381,La Vista,12515 PORTSIDE PARKWAY,LA VISTA,NE,68128-5622,Costco 12515 PORTSIDE PARKWAY LA VISTA NE US,ChIJnRmInoz0k4cRPFEzqABI2zg
382,Lincoln,1620 PINE LAKE ROAD,LINCOLN,NE,68512-3612,Costco 1620 PINE LAKE ROAD LINCOLN NE US,ChIJh8ryqKaVlocR9atHg6My4ek
383,Omaha,12300 W DODGE RD,OMAHA,NE,68154-2382,Costco 12300 W DODGE RD OMAHA NE US,ChIJW0X-UYnyk4cRJRyOGW8-u0s
384,Bountiful,573 W 100 N,WEST BOUNTIFUL,UT,84010-7018,Costco 573 W 100 N WEST BOUNTIFUL UT US,ChIJPdIQUSj4UocRkxBlwq3gMuc
385,Lehi,198 N 1200 E,LEHI,UT,84043-2294,Costco 198 N 1200 E LEHI UT US,ChIJVVT9abCBTYcRjzOHPij4r9c
386,Logan,1160 N 1000 W,LOGAN,UT,84321,Costco 1160 N 1000 W LOGAN UT US,ChIJt9FUI3yHVIcR3B9O6m-vw00
387,Murray,5201 S INTERMOUNTAIN DR,MURRAY,UT,84107-6024,Costco 5201 S INTERMOUNTAIN DR MURRAY UT US,ChIJJdANnyeKUocRQP7vCRz0-cc
388,Orem,648 E 800 S,OREM,UT,84097-6528,Costco 648 E 800 S OREM UT US,ChIJ7a2nXJCaTYcRrba2KEtw5pI
389,Riverton,13126 S. EAGLES FLIGHT RD,RIVERTON,UT,84096,Costco 13126 S. EAGLES FLIGHT RD RIVERTON UT US,ChIJn9gmYX-FUocRpHlwBxBSHWA
390,Salt Lake City,1818 S 300 W,SALT LAKE CITY,UT,84115-1805,Costco 1818 S 300 W SALT LAKE CITY UT US,ChIJtzv_KtWKUocRzCzS8vygapg
391,Sandy,11100 S AUTO MALL DR,SANDY,UT,84070-4171,Costco 11100 S AUTO MALL DR SANDY UT US,ChIJj35xbbCHUocRgYeYqtvavX4
392,Saratoga Springs,1083 N REDWOOD RD.,SARATOGA SPRINGS,UT,84045,Costco 1083 N REDWOOD RD. SARATOGA SPRINGS UT US,ChIJg0uhVDt_TYcRTS7qAfm3K9o
393,South Jordan,3571 W 10400 S,SOUTH JORDAN,UT,84095-7173,Costco 3571 W 10400 S SOUTH JORDAN UT US,ChIJ3R3TLvWFUocRvYr9bvv7OKc
394,South Ogden,3656 WALL AVE,OGDEN,UT,84405-7101,Costco 3656 WALL AVE OGDEN UT US,ChIJcdm8JmsPU4cRr5GCIAtceNQ
395,Spanish Fork,273 E 1000 N,SPANISH FORK,UT,84660-5844,Costco 273 E 1000 N SPANISH FORK UT US,ChIJc1MqxSa9TYcRCJg6HNebpZI
396,St George,835 N 3050 E,SAINT GEORGE,UT,84790-9041,Costco 835 N 3050 E SAINT GEORGE UT US,ChIJrdFYo6dbyoARuFGqCToKop4
397,West Valley,3747 S 2700 W,SALT LAKE CITY,UT,84119-3721,Costco 3747 S 2700 W SALT LAKE CITY UT US,ChIJPagB7oKMUocRlFsk4dun5RY
398,Alpharetta,2855 JORDAN CT,ALPHARETTA,GA,30004-3869,Costco 2855 JORDAN CT ALPHARETTA GA US,ChIJS3bKsvN19YgRSYrtIsk5Tow
399,Athens,5550 PARKWAY BLVD,ATHENS,GA,30606,Costco 5550 PARKWAY BLVD ATHENS GA US,ChIJERpo1RZz9ogR2HildGyxCYI
400,Augusta,825 CABELA DR,AUGUSTA,GA,30909-8202,Costco 825 CABELA DR AUGUSTA GA US,ChIJU0i5dEfN-YgRPD-3TBkTw_8
401,Brookhaven,500 BROOKHAVEN AVE NE,ATLANTA,GA,30319-3291,Costco 500 BROOKHAVEN AVE NE ATLANTA GA US,ChIJc7y5ZOkI9YgRcwlGjRRoquA
402,Cumberland Mall,2900 CUMBERLAND MALL SE,ATLANTA,GA,30339-8107,Costco 2900 CUMBERLAND MALL SE ATLANTA GA US,ChIJ0WyC1kQQ9YgR8cED9C0ucJg
403,Cumming,1211 BALD RIDGE MARINA RD,CUMMING,GA,30041-8484,Costco 1211 BALD RIDGE MARINA RD CUMMING GA US,ChIJQ6x7xkKF9YgRtsluzt3gdzk
404,Dallas GA,1715 CHARLES HARDY PKWY,DALLAS,GA,30157,Costco 1715 CHARLES HARDY PKWY DALLAS GA US,ChIJdXeKWRY79YgRza4d0yPXsxQ
405,Fort Oglethorpe,100 COBB PKWY,RINGGOLD,GA,30736-8566,Costco 100 COBB PKWY RINGGOLD GA US,ChIJq6qqqtlnYIgR4UN3pBRHvOg
406,Gwinnett,3980 VENTURE DR,DULUTH,GA,30096-5077,Costco 3980 VENTURE DR DULUTH GA US,ChIJf22Aqgqj9YgRBFfPfD2xSo8
407,Mall Of Georgia,1550 MALL OF GEORGIA BLVD,BUFORD,GA,30519-6551,Costco 1550 MALL OF GEORGIA BLVD BUFORD GA US,ChIJu_lXC0iU9YgRJ9Jc7E2uQu0
408,Morrow Business Center,1700 MOUNT ZION RD,MORROW,GA,30260-3014,Costco 1700 MOUNT ZION RD MORROW GA US,ChIJ3TfV90n59IgRwQD_i3_3rg8
409,Perimeter,6350 PEACHTREE DUNWOODY RD,ATLANTA,GA,30328-4568,Costco 6350 PEACHTREE DUNWOODY RD ATLANTA GA US,ChIJl8INE1MJ9YgR3L4HR2A8le8
410,Pooler,200 MOSAIC CIRCLE,POOLER,GA,31322,Costco 200 MOSAIC CIRCLE POOLER GA US,ChIJf9W7YKqn-4gRnfKkE4R4z08
411,Sharpsburg,40 FISCHER CROSSINGS DR,SHARPSBURG,GA,30277,Costco 40 FISCHER CROSSINGS DR SHARPSBURG GA US,ChIJtwFL-9nB9IgRMcZQBenyLMQ
412,Stockbridge,2245 JODECO ROAD,MCDONOUGH,GA,30253,Costco 2245 JODECO ROAD MCDONOUGH GA US,ChIJTSRTuo9Z9IgRuewNQ69HbQE
413,Town Center,645 BARRETT PARKWAY NW,KENNESAW,GA,30144-4922,Costco 645 BARRETT PARKWAY NW KENNESAW GA US,ChIJqxdT8RsV9YgRtHPr5n-eVjM
414,Woodstock,113 LINCOLN ST,WOODSTOCK,GA,30188-7800,Costco 113 LINCOLN ST WOODSTOCK GA US,ChIJBzkMoLtv9YgRxPcvMRDH_Lw
415,Carson City,700 OLD CLEAR CREEK RD,CARSON CITY,NV,89705-6853,Costco 700 OLD CLEAR CREEK RD CARSON CITY NV US,ChIJc8jioE-emYARLGo5GYlNkIU
416,Centennial,6555 N. DECATUR BLVD,LAS VEGAS,NV,89131-2796,Costco 6555 N. DECATUR BLVD LAS VEGAS NV US,ChIJRVMwXurryIARfXySBa3wknY
417,Henderson,791 MARKS ST,HENDERSON,NV,89014-8601,Costco 791 MARKS ST HENDERSON NV US,ChIJ65oh-_LQyIARiKfmgHdipf4
418,Las Vegas Business Center,222 S MARTIN L KING BLVD,LAS VEGAS,NV,89106-4305,Costco 222 S MARTIN L KING BLVD LAS VEGAS NV US,ChIJp9ZTNLnDyIAR46EJUHk3e2M
419,Reno,2200 HARVARD WAY,RENO,NV,89502-4004,Costco 2200 HARVARD WAY RENO NV US,ChIJH8VWRHw_mYAR0c-eediWa1E
420,SW Henderson,3411 SAINT ROSE PKWY,HENDERSON,NV,89052-4570,Costco 3411 SAINT ROSE PKWY HENDERSON NV US,ChIJ68OMAkDNyIAR2IvcqiNWVc0
421,Sparks,4810 GALLERIA PKWY,SPARKS,NV,89436-9605,Costco 4810 GALLERIA PKWY SPARKS NV US,ChIJs3h3uQM5mYARS8Oqf4Ekt3Y
422,Summerlin,801 S PAVILION CENTER DR,LAS VEGAS,NV,89144-4566,Costco 801 S PAVILION CENTER DR LAS VEGAS NV US,ChIJn5FUr0y-yIARfCWlUvOgWcI
423,Colchester,218 LOWER MOUNTAIN VIEW DR,COLCHESTER,VT,05446-5830,Costco 218 LOWER MOUNTAIN VIEW DR COLCHESTER VT US,ChIJ-66kqp5wykwRP1meZ9A-O74
424,Hawaii Kai,333 A KEAHOLE STREET,HONOLULU,HI,96825-3406,Costco 333 A KEAHOLE STREET HONOLULU HI US,ChIJb4ZEeYoSAHwRlNkuKEXFeGI
425,Iwilei,525 ALAKAWA ST,HONOLULU,HI,96817-5764,Costco 525 ALAKAWA ST HONOLULU HI US,ChIJlxUPlG9uAHwRkHGX9n1n57k
426,Kapolei,4589 KAPOLEI PKWY,KAPOLEI,HI,96707-1879,Costco 4589 KAPOLEI PKWY KAPOLEI HI US,ChIJqQ4e8yVjAHwROhzV_ZUqKeU
427,Kauai,4300 NUHOU ST.,LIHUE,HI,96766-8002,Costco 4300 NUHOU ST. LIHUE HI US,ChIJIST6-p4eB3wRBGjAayOu0AI
428,Kona,73-5600 MAIAU ST,KAILUA KONA,HI,96740-2630,Costco 73-5600 MAIAU ST KAILUA KONA HI US,ChIJJSOLp94NVHkROMO2OAfkWvk
429,Maui,540 HALEAKALA HWY,KAHULUI,HI,96732-2302,Costco 540 HALEAKALA HWY KAHULUI HI US,ChIJ0x4bosDSVHkRQ2Jk5ddzh6U
430,Waipio,94-1231 KA UKA BLVD,WAIPAHU,HI,96797-4495,Costco 94-1231 KA UKA BLVD WAIPAHU HI US,ChIJr9np4_dmAHwRaXywa0g8q40
431,Nashua,311 DANIEL WEBSTER HWY,NASHUA,NH,03060-5702,Costco 311 DANIEL WEBSTER HWY NASHUA NH US,ChIJJ20yGGi644kR4Q6261RvTrk
432,Chantilly,14390 CHANTILLY CROSSING LN,CHANTILLY,VA,20151-2117,Costco 14390 CHANTILLY CROSSING LN CHANTILLY VA US,ChIJl8bhNZlGtokR2ABgnLeumw8
433,Charlottesville,3171 DISTRICT AVE,CHARLOTTESVILLE,VA,22901-2784,Costco 3171 DISTRICT AVE CHARLOTTESVILLE VA US,ChIJ02ss_OiHs4kRGskTqGAbMdI
434,Chesterfield,1401 MALL DR,NORTH CHESTERFIELD,VA,23235-4887,Costco 1401 MALL DR NORTH CHESTERFIELD VA US,ChIJo0VjnXVtsYkRYsrvO8XoUYY
435,Fairfax,4725 W OX RD,FAIRFAX,VA,22030-6125,Costco 4725 W OX RD FAIRFAX VA US,ChIJ7RsYb3tPtokR1CEMF8Jy_q8
436,Fredericksburg,3102 PLANK RD # 600,FREDERICKSBURG,VA,22407-4900,Costco 3102 PLANK RD %23 600 FREDERICKSBURG VA US,ChIJiZqVOrPBtokR1FhvE2cPCqs
437,Harrisonburg,1830 RESERVOIR ST,HARRISONBURG,VA,22801-8742,Costco 1830 RESERVOIR ST HARRISONBURG VA US,ChIJl2oC75OStIkROKtFUGD2FPw
438,Leesburg,1300 EDWARDS FERRY RD NE,LEESBURG,VA,20176-3355,Costco 1300 EDWARDS FERRY RD NE LEESBURG VA US,ChIJ78KY_xE9tokRYITG6Bsz2pA
439,Manassas,10701 SUDLEY MANOR DR,MANASSAS,VA,20109-2845,Costco 10701 SUDLEY MANOR DR MANASSAS VA US,ChIJ4_YyqQJdtokRxfxkkOlNxc0
440,Mt Vernon,7940 RICHMOND HWY,ALEXANDRIA,VA,22306-7826,Costco 7940 RICHMOND HWY ALEXANDRIA VA US,ChIJg5gVpm6ut4kRCVIS1GR0Whc
441,Newington,7373 BOSTON BLVD,SPRINGFIELD,VA,22153-2805,Costco 7373 BOSTON BLVD SPRINGFIELD VA US,ChIJw623d9VStokRSqwdyb7-8v8
442,Newport News,12121 JEFFERSON AVE,NEWPORT NEWS,VA,23602-6916,Costco 12121 JEFFERSON AVE NEWPORT NEWS VA US,ChIJnVzaIdp4sIkRU_mSANaeKFI
443,Norfolk,850 GLENROCK RD,NORFOLK,VA,23502-3702,Costco 850 GLENROCK RD NORFOLK VA US,ChIJL3gTzGqWuokR8AKoMWzESbM
444,Pentagon City,1200 S FERN ST,ARLINGTON,VA,22202-2862,Costco 1200 S FERN ST ARLINGTON VA US,ChIJr52RVN-2t4kRMPtYY-nDj5w
445,Potomac Mills,2700 POTOMAC MILLS CIRCLE,WOODBRIDGE,VA,22192-4653,Costco 2700 POTOMAC MILLS CIRCLE WOODBRIDGE VA US,ChIJ0fQlhwxWtokRWwecJgJuDyc
446,Sterling,21398 PRICE CASCADES PLZ,STERLING,VA,20164-6606,Costco 21398 PRICE CASCADES PLZ STERLING VA US,ChIJhxjarLg5tokR4paEcRhUdSo
447,W Henrico,9650 W BROAD ST,GLEN ALLEN,VA,23060-4115,Costco 9650 W BROAD ST GLEN ALLEN VA US,ChIJbUxazkwVsYkR1em9zWxEf6M
448,Winchester,251 FRONT ROYAL PIKE,WINCHESTER,VA,22602-7319,Costco 251 FRONT ROYAL PIKE WINCHESTER VA US,ChIJKcDuX-LutYkRUJk_ctipSOE
449,Boise,2051 S COLE RD,BOISE,ID,83709-2815,Costco 2051 S COLE RD BOISE ID US,ChIJoXv8x6xXrlQR_r-OfVqNCQk
450,Coeur D' Alene,355 E NEIDER AVE,COEUR D' ALENE,ID,83815-3723,Costco 355 E NEIDER AVE COEUR D\' ALENE ID US,ChIJpePzpNfGYVMRtbTDxenHuo4
451,Idaho Falls,2495 E. LINCOLN ROAD,IDAHO FALLS,ID,83401,Costco 2495 E. LINCOLN ROAD IDAHO FALLS ID US,ChIJC-cdze1fVFMRObLzqYvtZ2s
452,Meridian,3403 W. CHINDEN BLVD,MERIDIAN,ID,83646,Costco 3403 W. CHINDEN BLVD MERIDIAN ID US,ChIJFX8NKktTrlQRtQCA1E7Ga5Y
453,Nampa,16700 N MARKET PLACE BLVD,NAMPA,ID,83687-7909,Costco 16700 N MARKET PLACE BLVD NAMPA ID US,ChIJxfys4bdMrlQR_dx3RjTRA2E
454,Pocatello,305 W QUINN RD,POCATELLO,ID,83201-4988,Costco 305 W QUINN RD POCATELLO ID US,ChIJiwDoKORFVVMRvcJzDlxbo3M
455,Twin Falls,731 POLE LINE RD,TWIN FALLS,ID,83301-3036,Costco 731 POLE LINE RD TWIN FALLS ID US,ChIJyVjP8xmirFQRI637BqPBGL0
456,Bayonne,21 GOLDSBOROUGH DR,BAYONNE,NJ,07002,Costco 21 GOLDSBOROUGH DR BAYONNE NJ US,ChIJZxb8AkpRwokRkspmzmMQ3nc
457,Brick Township,465 ROUTE 70,BRICK,NJ,08723-4049,Costco 465 ROUTE 70 BRICK NJ US,ChIJoVwQcY-DwYkRt7rVeli5QRk
458,Bridgewater,325 PROMENADE BLVD,BRIDGEWATER,NJ,08807-3457,Costco 325 PROMENADE BLVD BRIDGEWATER NJ US,ChIJBxkcLEe_w4kRtocKKPJgQL4
459,Cherry Hill,650 GARDEN PARK BLVD,CHERRY HILL,NJ,08002-4250,Costco 650 GARDEN PARK BLVD CHERRY HILL NJ US,ChIJz3ugtSfLxokRlJ-19PjURjI
460,Clifton,20 BRIDEWELL PL,CLIFTON,NJ,07014-1724,Costco 20 BRIDEWELL PL CLIFTON NJ US,ChIJvWOl5UX_wokRd39j4biT-p0
461,East Hanover,156 SR-10 WEST,EAST HANOVER,NJ,07936-2107,Costco 156 SR-10 WEST EAST HANOVER NJ US,ChIJ1-HHmnSpw4kRYnoAKLlRjO4
462,Edison,205 VINEYARD RD,EDISON,NJ,08817-4785,Costco 205 VINEYARD RD EDISON NJ US,ChIJc_bAtSDIw4kRnfrNZxYHK_M
463,Flemington,2A WALTER E FORAN BLVD N,FLEMINGTON,NJ,08822,Costco 2A WALTER E FORAN BLVD N FLEMINGTON NJ US,ChIJvYPFMOfzw4kRT9e46pPbJmw
464,Hackensack Business Center,80 S RIVER ST,HACKENSACK,NJ,07601-6954,Costco 80 S RIVER ST HACKENSACK NJ US,ChIJ4eoB2fv5wokRfmV-OvljabI
465,Hazlet,2835 ROUTE 35 N,HAZLET,NJ,07730-1516,Costco 2835 ROUTE 35 N HAZLET NJ US,ChIJ79gmgoszwokRWURNHT--pEk
466,Manahawkin,245 STAFFORD PARK BLVD,STAFFORD TOWNSHIP,NJ,08050-2734,Costco 245 STAFFORD PARK BLVD STAFFORD TOWNSHIP NJ US,ChIJ2cZ5jT0GwYkRTCCCLBYUhqY
467,Marlboro,18 ROUTE 9 NORTH,MORGANVILLE,NJ,07751-1526,Costco 18 ROUTE 9 NORTH MORGANVILLE NJ US,ChIJeUCa4gbSw4kRWd6XDg4k5RE
468,Mt Laurel,100 CENTERTON RD,MOUNT LAUREL,NJ,08054-6103,Costco 100 CENTERTON RD MOUNT LAUREL NJ US,ChIJ3wQGwHBKwYkRSIrCV12rTAY
469,North Brunswick,100 GRAND AVENUE,NORTH BRUNSWICK,NJ,08902-5026,Costco 100 GRAND AVENUE NORTH BRUNSWICK NJ US,ChIJbxBMiIPDw4kRXXN1C3hlQbU
470,North Plainfield,1290 US HIGHWAY 22E,NORTH PLAINFIELD,NJ,07060-3518,Costco 1290 US HIGHWAY 22E NORTH PLAINFIELD NJ US,ChIJ4y8Bz3C5w4kR0WIOu8P7ZMc
471,Ocean Township,2361 STATE ROUTE 66,OCEAN,NJ,07712-3961,Costco 2361 STATE ROUTE 66 OCEAN NJ US,ChIJFXSZ378owokRcmbNHG78Sx0
472,Princeton,4100 QUAKERBRIDGE RD,LAWRENCE TOWNSHIP,NJ,08648-4702,Costco 4100 QUAKERBRIDGE RD LAWRENCE TOWNSHIP NJ US,ChIJeW9bwpHhw4kRa3MIo9pxsCc
473,Teterboro,2 TETERBORO LANDING DR,TETERBORO,NJ,07608-1120,Costco 2 TETERBORO LANDING DR TETERBORO NJ US,ChIJ4eOs1Pv5wokRQ18tqrtDABM
474,Union,1055 HUDSON ST,UNION,NJ,07083-6809,Costco 1055 HUDSON ST UNION NJ US,ChIJC7UcRJOtw4kRrG5cD3L7SMc
475,Wayne,149 STATE ROUTE 23,WAYNE,NJ,07470-6933,Costco 149 STATE ROUTE 23 WAYNE NJ US,ChIJw_b51ZcBw4kR0uSru7otL-0
476,Wharton,315 STATE ROUTE 15 N,WHARTON,NJ,07885-1222,Costco 315 STATE ROUTE 15 N WHARTON NJ US,ChIJgRAS9OcKw4kR7bqJ3QcK1Ek
477,Aurora Village,1175 N 205TH ST,SHORELINE,WA,98133-3206,Costco 1175 N 205TH ST SHORELINE WA US,ChIJORHUQH0QkFQRoXsRGa3fF-k
478,Bellingham,4125 ARCTIC AVE,BELLINGHAM,WA,98226-9325,Costco 4125 ARCTIC AVE BELLINGHAM WA US,ChIJUSRdnaikhVQRvPOMeVkvR8s
479,Bonney Lake,9801 204TH AVE E,BONNEY LAKE,WA,98391-6559,Costco 9801 204TH AVE E BONNEY LAKE WA US,ChIJ4y-RI-j6kFQR_tY9IgXfpUM
480,Burlington WA,1725 S BURLINGTON BLVD,BURLINGTON,WA,98233-3223,Costco 1725 S BURLINGTON BLVD BURLINGTON WA US,ChIJJb8dWMtthVQRmHhm5k6EWOk
481,Clarkston,301 5TH ST,CLARKSTON,WA,99403-1860,Costco 301 5TH ST CLARKSTON WA US,ChIJu_SiY8XKoVQR0HX-sFNKxbU
482,Covington WA,27520 COVINGTON WAY SE,COVINGTON,WA,98042-9100,Costco 27520 COVINGTON WAY SE COVINGTON WA US,ChIJT54CHQtfkFQRMiofzMsuje4
483,E Vancouver WA,19610 SE 1ST ST,CAMAS,WA,98607-7472,Costco 19610 SE 1ST ST CAMAS WA US,ChIJX_Djcj27lVQRpT6i0EKhiLs
484,Everett WA,10200 19TH AVE SE,EVERETT,WA,98208-4256,Costco 10200 19TH AVE SE EVERETT WA US,ChIJwRF8tNkGkFQRzililtqL9ic
485,Federal Way,35100 ENCHANTED PKWY S,FEDERAL WAY,WA,98003-8314,Costco 35100 ENCHANTED PKWY S FEDERAL WAY WA US,ChIJKVOa9rtXkFQR1qTFrSIfBEU
486,Fife Business Center,3900 20TH ST E,FIFE,WA,98424-1818,Costco 3900 20TH ST E FIFE WA US,ChIJ_WRVnUT_kFQRoSNZUe_Q2KQ
487,Gig Harbor,10990 HARBOR HILL DR NW,GIG HARBOR,WA,98332-8945,Costco 10990 HARBOR HILL DR NW GIG HARBOR WA US,ChIJwy4MSWFNkFQRisVICBKemTs
488,Issaquah,1801 10TH AVE NW,ISSAQUAH,WA,98027-5384,Costco 1801 10TH AVE NW ISSAQUAH WA US,ChIJ89hTeqFvkFQRXbDp4T7Z9Rw
489,Kennewick,8505 W. GAGE BLVD,KENNEWICK,WA,99336-8120,Costco 8505 W. GAGE BLVD KENNEWICK WA US,ChIJJ_ev4B16mFQRkuJ2QjjwkrI
490,Kirkland,8629 120TH AVE NE,KIRKLAND,WA,98033-5822,Costco 8629 120TH AVE NE KIRKLAND WA US,ChIJ90KjFL4SkFQR4kGZy1cvLpQ
491,Lacey,1470 MARVIN RD NE,LACEY,WA,98516-3870,Costco 1470 MARVIN RD NE LACEY WA US,ChIJ978E8JQLkVQRWTik8BP1a6E
492,Lake Stevens,9210 24TH STREET SE,LAKE STEVENS,WA,98258,Costco 9210 24TH STREET SE LAKE STEVENS WA US,ChIJQWUY1SKrmlQRJMwAFZueUIY
493,Lynnwood,18109 33RD AVE W,LYNNWOOD,WA,98037-4840,Costco 18109 33RD AVE W LYNNWOOD WA US,ChIJ3RubngsFkFQRRltmesYd-xs
494,Lynnwood Business Center,19105 HIGHWAY 99,LYNNWOOD,WA,98036-5228,Costco 19105 HIGHWAY 99 LYNNWOOD WA US,ChIJAaiblFEFkFQR2uINIxi8PzA
495,Marysville WA,16616 TWIN LAKES AVE,MARYSVILLE,WA,98271-4701,Costco 16616 TWIN LAKES AVE MARYSVILLE WA US,ChIJNTzQJFJQhVQRR9dRv7oM2MM
496,N Spokane,12020 N NEWPORT HWY,SPOKANE,WA,99218-1655,Costco 12020 N NEWPORT HWY SPOKANE WA US,ChIJXSOxeAMdnlQRZs7VYDV2giI
497,Puyallup,1201 39TH AVE SW,PUYALLUP,WA,98373-3803,Costco 1201 39TH AVE SW PUYALLUP WA US,ChIJbeV2Ikz8kFQRLvOJ6-c1D18
498,Redmond,7725 188TH AVE NE,REDMOND,WA,98052-6088,Costco 7725 188TH AVE NE REDMOND WA US,ChIJU99AisNykFQRdMvQDOBG1aE
499,Seattle,4401 4TH AVE S,SEATTLE,WA,98134-2311,Costco 4401 4TH AVE S SEATTLE WA US,ChIJGVjHes5BkFQRi0oKYX2Y0EI
500,Sequim,955 W WASHINGTON ST,SEQUIM,WA,98382-3266,Costco 955 W WASHINGTON ST SEQUIM WA US,ChIJccNbbq24j1QR2heBNy-Kfow
501,Silverdale,10000 MICKELBERRY RD NW,SILVERDALE,WA,98383-8302,Costco 10000 MICKELBERRY RD NW SILVERDALE WA US,ChIJQe2UBuo6kFQRPTA3Z_b4l4w
502,Spokane,5601 E SPRAGUE AVE,SPOKANE,WA,99212-0826,Costco 5601 E SPRAGUE AVE SPOKANE WA US,ChIJuX8AVfshnlQRs4f4x1Qhx9c
503,Tacoma,2219 S 37TH ST,TACOMA,WA,98409-7473,Costco 2219 S 37TH ST TACOMA WA US,ChIJE9es11VVkFQRfO9TDvDsT6A
504,Tukwila,400 COSTCO DR STE 150,TUKWILA,WA,98188-4808,Costco 400 COSTCO DR STE 150 TUKWILA WA US,ChIJLWIbI91ckFQRwO6U6-IRl7c
505,Tumwater,5500 LITTLEROCK RD SW,TUMWATER,WA,98512-7363,Costco 5500 LITTLEROCK RD SW TUMWATER WA US,ChIJXbfBKg90kVQRe60gmq_OKks
506,Union Gap,2310 LONGFIBRE RD,UNION GAP,WA,98903-1513,Costco 2310 LONGFIBRE RD UNION GAP WA US,ChIJ8b29R4l9l1QRcXMlobTzLe8
507,Vancouver WA,6720 NE 84TH ST,VANCOUVER,WA,98665-2016,Costco 6720 NE 84TH ST VANCOUVER WA US,ChIJC9uq1TGulVQRVE_R_88_YYo
508,Wenatchee,375 HIGHLINE DR,EAST WENATCHEE,WA,98802-5344,Costco 375 HIGHLINE DR EAST WENATCHEE WA US,ChIJa9l4LBrNm1QRGDrT0VAxU6M
509,Woodinville,24008 SNOHOMISH WOODINVILLE RD,WOODINVILLE,WA,98072-9743,Costco 24008 SNOHOMISH WOODINVILLE RD WOODINVILLE WA US,ChIJl2GY5rgOkFQRjY3hDJqm9Cc
510,Bedford Park Business Center,7300 S CICERO AVE,CHICAGO,IL,60629-5817,Costco 7300 S CICERO AVE CHICAGO IL US,ChIJrY5lbqkxDogRemDKui1NgWY
511,Bloomingdale,505 W ARMY TRAIL RD,BLOOMINGDALE,IL,60108-1391,Costco 505 W ARMY TRAIL RD BLOOMINGDALE IL US,ChIJhckDm_6qD4gRSch1W4Uuyy0
512,Bolingbrook,830 E BOUGHTON RD,BOLINGBROOK,IL,60440-2355,Costco 830 E BOUGHTON RD BOLINGBROOK IL US,ChIJ-3mgn5VaDogRprzNcfxzoVI
513,Champaign,2002 N. NEIL ST,CHAMPAIGN,IL,61820,Costco 2002 N. NEIL ST CHAMPAIGN IL US,ChIJ_eg-VWLZDIgRrGCBD0NQWZA
514,Chicago South Loop,1430 S ASHLAND AVE,CHICAGO,IL,60608-2040,Costco 1430 S ASHLAND AVE CHICAGO IL US,ChIJYwiQ7gUtDogRRuBADHhcUmQ
515,East Peoria,301 W WASHINGTON ST,EAST PEORIA,IL,61611-2036,Costco 301 W WASHINGTON ST EAST PEORIA IL US,ChIJ30DtZVZYCogRdHlG5gGaDpY
516,Glenview,2900 PATRIOT BLVD,GLENVIEW,IL,60026-8046,Costco 2900 PATRIOT BLVD GLENVIEW IL US,ChIJ12x7zATHD4gRF3JLPuho7-o
517,Lake In The Hills,250 N RANDALL RD,LAKE IN THE HILLS,IL,60156-5943,Costco 250 N RANDALL RD LAKE IN THE HILLS IL US,ChIJO204oWYSD4gRwFssWtuUVK8
518,Lake Zurich,680 S RAND RD,LAKE ZURICH,IL,60047-3409,Costco 680 S RAND RD LAKE ZURICH IL US,ChIJHaQGwoahD4gRP2RdJ1oZPqc
519,Lincoln Park,2746 N CLYBOURN AVE,CHICAGO,IL,60614-1006,Costco 2746 N CLYBOURN AVE CHICAGO IL US,ChIJjZNzR_PSD4gRyfzUu8tSsL4
520,Loves Park,5000 STADIUM DRIVE,LOVES PARK,IL,61111,Costco 5000 STADIUM DRIVE LOVES PARK IL US,ChIJPVp9gaG9CIgRXtoFmH_3tnI
521,Melrose Park,8400 W NORTH AVE,MELROSE PARK,IL,60160-1607,Costco 8400 W NORTH AVE MELROSE PARK IL US,ChIJF9F5ibfKD4gRSsUXeKd5IT8
522,Mettawa,25901 RIVERWOODS RD,METTAWA,IL,60045-3403,Costco 25901 RIVERWOODS RD METTAWA IL US,ChIJHZnR47yVD4gRsscG9Mu-Skw
523,Mt Prospect,999 N ELMHURST RD,MOUNT PROSPECT,IL,60056-1133,Costco 999 N ELMHURST RD MOUNT PROSPECT IL US,ChIJfac4mSC6D4gRgXtCyUycv9Q
524,NE Naperville,1255 EAST OGDEN AVE,NAPERVILLE,IL,60563,Costco 1255 EAST OGDEN AVE NAPERVILLE IL US,ChIJKzZXD0JXDogRZPTAxBiaxuc
525,Naperville,1320 S ROUTE 59,NAPERVILLE,IL,60564-5944,Costco 1320 S ROUTE 59 NAPERVILLE IL US,ChIJn2nmjYD3DogRqxmZeenYiU0
526,Niles,7311 N MELVINA AVE,NILES,IL,60714-3905,Costco 7311 N MELVINA AVE NILES IL US,ChIJjR41fynJD4gR4yf7KMEdjQQ
527,North Riverside IL,2500 SOUTH HARLEM AVE,NORTH RIVERSIDE,IL,60546-1415,Costco 2500 SOUTH HARLEM AVE NORTH RIVERSIDE IL US,ChIJRTRt5UU0DogRBQEvzEc5vEA
528,Oak Brook,1901 W 22ND ST,OAK BROOK,IL,60523-1759,Costco 1901 W 22ND ST OAK BROOK IL US,ChIJvXGdjHFMDogRqVBPHQ7zahw
529,Orland Park,9915 W 159TH ST,ORLAND PARK,IL,60467-4572,Costco 9915 W 159TH ST ORLAND PARK IL US,ChIJc1Lx0gxADogR4acdJczASYU
530,Plainfield,16261 S. BOULEVARD PLACE,PLAINFIELD,IL,60586,Costco 16261 S. BOULEVARD PLACE PLAINFIELD IL US,ChIJ3aWrx671DogRgmJ06uNjr94
531,Schaumburg,1375 N MEACHAM RD,SCHAUMBURG,IL,60173-4805,Costco 1375 N MEACHAM RD SCHAUMBURG IL US,ChIJCdRXlIWvD4gRyAG9zDD3l3w
532,St Charles,221 S RANDALL RD,SAINT CHARLES,IL,60174-1524,Costco 221 S RANDALL RD SAINT CHARLES IL US,ChIJWwxgmaDiDogRA6Ze5U1SUKY
533,Albuquerque,1420 N RENAISSANCE BLVD NE,ALBUQUERQUE,NM,87107-7008,Costco 1420 N RENAISSANCE BLVD NE ALBUQUERQUE NM US,ChIJE6ZYypF0IocRxfkdiaHlHpM
534,NW Albuquerque,9955 COORS BYPASS NW,ALBUQUERQUE,NM,87114-6196,Costco 9955 COORS BYPASS NW ALBUQUERQUE NM US,ChIJP4fUeG9xIocRZVa-ul4s60M
535,SE Albuquerque,500 EUBANK BLVD SE,ALBUQUERQUE,NM,87123-3338,Costco 500 EUBANK BLVD SE ALBUQUERQUE NM US,ChIJ2wrR6YOgGIcRy7IsikON7r4
536,Avon IN,8816 DR. CHARLES NELSON DRIVE,AVON,IN,46123,Costco 8816 DR. CHARLES NELSON DRIVE AVON IN US,ChIJV75ltOivbIgRoYbSkIaiFCc
537,Castleton,6110 E 86TH ST,INDIANAPOLIS,IN,46250-3507,Costco 6110 E 86TH ST INDIANAPOLIS IN US,ChIJs9NdOC1Na4gRXx6Uf7hCg2k
538,Evansville,1201 CROSS POINTE PL,EVANSVILLE,IN,47715-9168,Costco 1201 CROSS POINTE PL EVANSVILLE IN US,ChIJvXl9b4ErbogRytU3QW9nfzA
539,Fort Wayne,5110 VALUE DR,FORT WAYNE,IN,46808-4048,Costco 5110 VALUE DR FORT WAYNE IN US,ChIJrWTlM7vjFYgRc6pvnFxPHAk
540,Fortune Park,9010 MICHIGAN RD,INDIANAPOLIS,IN,46268-3184,Costco 9010 MICHIGAN RD INDIANAPOLIS IN US,ChIJxz1lnTJVa4gR2Yf3fg12gYs
541,Merrillville,1310 E 79TH AVE,MERRILLVILLE,IN,46410-5768,Costco 1310 E 79TH AVE MERRILLVILLE IN US,ChIJ5yPDmMDuEYgRCs29B3GJVc8
542,Mishawaka,625 E UNIVERSITY DR,GRANGER,IN,46530-7381,Costco 625 E UNIVERSITY DR GRANGER IN US,ChIJjYxgpovRFogRnlNveGMeQ4o
543,Noblesville,14775 NORTH POINTE BLVD,NOBLESVILLE,IN,46060,Costco 14775 NORTH POINTE BLVD NOBLESVILLE IN US,ChIJ27tI7Ri3FIgRK6uP_bxXDv4
544,S Indianapolis,4628 E COUNTY LINE RD,INDIANAPOLIS,IN,46237-9105,Costco 4628 E COUNTY LINE RD INDIANAPOLIS IN US,ChIJXf0yui1Da4gRrcX2Knoo8X0
545,Brooklyn,976 3RD AVE,BROOKLYN,NY,11232-2400,Costco 976 3RD AVE BROOKLYN NY US,ChIJE4lTsbhawokRf_B1vV0_grI
546,Commack,10 GARET PL,COMMACK,NY,11725-5421,Costco 10 GARET PL COMMACK NY US,ChIJVVVVVeEv6IkRIrmWXRzG0ys
547,Holbrook,125 BEACON DR,HOLBROOK,NY,11741-4309,Costco 125 BEACON DR HOLBROOK NY US,ChIJeQAjsK1J6IkRjI-zYFsUulA
548,Lawrence,605 ROCKAWAY TPKE,LAWRENCE,NY,11559-1047,Costco 605 ROCKAWAY TPKE LAWRENCE NY US,ChIJJSQ0cNplwokRbg6TARSKRBA
549,Manhattan,517 E 117TH ST,NEW YORK,NY,10035-4409,Costco 517 E 117TH ST NEW YORK NY US,ChIJPwmU7Pz1wokREcQQ7oplMrI
550,Melville,625 BROADHOLLOW RD,MELVILLE,NY,11747-5006,Costco 625 BROADHOLLOW RD MELVILLE NY US,ChIJ8yeNgVQq6IkR-QGkzNFNP3I
551,Nanuet,50 OVERLOOK BLVD,NANUET,NY,10954-5290,Costco 50 OVERLOOK BLVD NANUET NY US,ChIJXV2GXQbowokRV2onco8wUXk
552,Nesconset,3000 MIDDLE COUNTRY RD,NESCONSET,NY,11767-1072,Costco 3000 MIDDLE COUNTRY RD NESCONSET NY US,ChIJX9I29FM46IkRkkpaFZO1a88
553,New Rochelle,1 INDUSTRIAL LN,NEW ROCHELLE,NY,10805-1203,Costco 1 INDUSTRIAL LN NEW ROCHELLE NY US,ChIJCRVh76eNwokRmHT9WO1zXrs
554,Oceanside,3705 HAMPTON RD,OCEANSIDE,NY,11572-4808,Costco 3705 HAMPTON RD OCEANSIDE NY US,ChIJLU1yz9J6wokRAvypzUppFho
555,Port Chester,1 WESTCHESTER AVE,PORT CHESTER,NY,10573-4314,Costco 1 WESTCHESTER AVE PORT CHESTER NY US,ChIJyx2DiVuXwokRwdUiEbETFy4
556,Queens,3250 VERNON BLVD,LONG ISLAND CITY,NY,11106-4927,Costco 3250 VERNON BLVD LONG ISLAND CITY NY US,ChIJWXWDioxZwokR7jTPhaWIXOI
557,Rego Park,6135 JUNCTION BLVD,REGO PARK,NY,11374-2771,Costco 6135 JUNCTION BLVD REGO PARK NY US,ChIJ_wcy2TVewokRC43NBl4Q0Kc
558,Riverhead,1768 OLD COUNTRY RD,RIVERHEAD,NY,11901-3146,Costco 1768 OLD COUNTRY RD RIVERHEAD NY US,ChIJcQy4CayK6IkR6_EOLvxVhoE
559,Rochester NY,335 WESTFALL ROAD,ROCHESTER,NY,14620-4603,Costco 335 WESTFALL ROAD ROCHESTER NY US,ChIJ-0LiMCxL0YkRUCWaqM0viDE
560,Staten Island,2975 RICHMOND AVE,STATEN ISLAND,NY,10314-5851,Costco 2975 RICHMOND AVE STATEN ISLAND NY US,ChIJp9WCbJ1LwokR4VvISncl0rw
561,Syracuse,120 TOWNSHIP BLVD,CAMILLUS,NY,13031-1659,Costco 120 TOWNSHIP BLVD CAMILLUS NY US,ChIJD_8JMaDw2YkRDnilKfWNRio
562,Westbury,1250 OLD COUNTRY RD,WESTBURY,NY,11590-5624,Costco 1250 OLD COUNTRY RD WESTBURY NY US,ChIJjQeUmH6HwokR3glbqpHAvG4
563,Yonkers,20 STEW LEONARD DR,YONKERS,NY,10710-7204,Costco 20 STEW LEONARD DR YONKERS NY US,ChIJd-4hZt_swokRVJ3-xeSdzjA
564,Bellevue (Green Bay),2355 COSTCO WAY,BELLEVUE,WI,54311-9206,Costco 2355 COSTCO WAY BELLEVUE WI US,ChIJ0SmobZ7kAogRaHgg9P46fpg
565,Eau Claire,1420 BLACK AVENUE,EAU CLAIRE,WI,54703,Costco 1420 BLACK AVENUE EAU CLAIRE WI US,ChIJkYr5q_K9-IcRKFsyO-Yzfzw
566,Grafton,950 PORT WASHINGTON RD,GRAFTON,WI,53024-9201,Costco 950 PORT WASHINGTON RD GRAFTON WI US,ChIJwYr0LrroBIgRdG7FFkUuxY0
567,Grand Chute,5401 W. INTEGRITY WAY,GRAND CHUTE,WI,54913-8602,Costco 5401 W. INTEGRITY WAY GRAND CHUTE WI US,ChIJt8qP0S3IA4gR5_pvyq4eG_w
568,Menomonee Falls,W162N9235 PERSHING AVE,MENOMONEE FALLS,WI,53051-4026,Costco W162N9235 PERSHING AVE MENOMONEE FALLS WI US,ChIJkV3amkb-BIgRdgMGkiIG14s
569,Middleton,2150 DEMING WAY,MIDDLETON,WI,53562-5507,Costco 2150 DEMING WAY MIDDLETON WI US,ChIJea1Jws2oB4gRv0MKf8rz2z8
570,New Berlin,15300 WEST GRANGE AVE,NEW BERLIN,WI,53151-7909,Costco 15300 WEST GRANGE AVE NEW BERLIN WI US,ChIJya9lVj8JBYgRttx_hjDtryg
571,Pewaukee,443 PEWAUKEE RD,PEWAUKEE,WI,53072-5886,Costco 443 PEWAUKEE RD PEWAUKEE WI US,ChIJBTYOqeCrBYgRTLoDqvggduU
572,Pleasant Prairie,7707 94TH AVE,PLEASANT PRAIRIE,WI,53158-1955,Costco 7707 94TH AVE PLEASANT PRAIRIE WI US,ChIJ3ztPWK5hBYgRNfbOsuYy3EU
573,Sun Prairie,2850 HOEPKER RD,SUN PRAIRIE,WI,53590-9334,Costco 2850 HOEPKER RD SUN PRAIRIE WI US,ChIJTzVBKtpXBogRry1k1ts__yM
574,Verona,1000 BATKER COURT,VERONA,WI,53593,Costco 1000 BATKER COURT VERONA WI US,ChIJUadubaCxB4gRmk67k-WT4_U
575,Ankeny,4000 NE SPECTRUM DRIVE,ANKENY,IA,50021,Costco 4000 NE SPECTRUM DRIVE ANKENY IA US,ChIJBdulx1mP7ocRV6hDIo2IBCs
576,Coralville,2900 HEARTLAND DR,CORALVILLE,IA,52241-2740,Costco 2900 HEARTLAND DR CORALVILLE IA US,ChIJMWdDsWhE5IcRvkjRISNylnE
577,Davenport,2790 E 53RD ST,DAVENPORT,IA,52807-3007,Costco 2790 E 53RD ST DAVENPORT IA US,ChIJ6bVBhIQ14ocRy-woIudO0SY
578,West Des Moines,7205 MILLS CIVIC PKWY,WEST DES MOINES,IA,50266-8140,Costco 7205 MILLS CIVIC PKWY WEST DES MOINES IA US,ChIJp0yL-pUh7IcRpniOxYfab3I
579,Apex,1021 PINE PLAZA DR,APEX,NC,27523-6406,Costco 1021 PINE PLAZA DR APEX NC US,ChIJ0fPJX7HyrIkRJdU9Q5O-yNw
580,Charlotte,500 TYVOLA RD,CHARLOTTE,NC,28217-3504,Costco 500 TYVOLA RD CHARLOTTE NC US,ChIJZ62gJ8SeVogRdwndScr2xCo
581,Durham,1510 N POINTE DR,DURHAM,NC,27705-3405,Costco 1510 N POINTE DR DURHAM NC US,ChIJLfv7zOnjrIkRdsilQw2x0n0
582,Garner,7800 FAYETTEVILLE RD.,RALEIGH,NC,27603,Costco 7800 FAYETTEVILLE RD. RALEIGH NC US,ChIJJaeHuKeLrIkRgA1DyH-lY5w
583,Greensboro,4201 W WENDOVER AVE,GREENSBORO,NC,27407-1908,Costco 4201 W WENDOVER AVE GREENSBORO NC US,ChIJuT29kwQbU4gRSBCax4BTbsY
584,Matthews,2125 MATTHEWS TOWNSHIP PKWY,MATTHEWS,NC,28105-5766,Costco 2125 MATTHEWS TOWNSHIP PKWY MATTHEWS NC US,ChIJW9NzJ_IjVIgRSfjiUj0154w
585,Mooresville,392 TALBERT RD,MOORESVILLE,NC,28117,Costco 392 TALBERT RD MOORESVILLE NC US,ChIJGVSKRzBVUYgRxJRVSLYqSHg
586,Raleigh,2838 WAKE FOREST RD,RALEIGH,NC,27609-7840,Costco 2838 WAKE FOREST RD RALEIGH NC US,ChIJAcWfGdBYrIkRTmIW76G6P0I
587,Wilmington,5351 GINGERWOOD DR,WILMINGTON,NC,28405-3091,Costco 5351 GINGERWOOD DR WILMINGTON NC US,ChIJUQIFftr0qYkR8W2ZXePb3Zs
588,Winston Salem,1085 HANES MALL BLVD,WINSTON SALEM,NC,27103-1310,Costco 1085 HANES MALL BLVD WINSTON SALEM NC US,ChIJ_0YyjWCwU4gRMmw9RzaVb0Y
589,Lenexa,9350 MARSHALL DR,LENEXA,KS,66215-3845,Costco 9350 MARSHALL DR LENEXA KS US,ChIJJ59sp7aUwIcRX1FYU6BrthU
590,Overland Park,12221 BLUE VALLEY PKWY,OVERLAND PARK,KS,66213-2640,Costco 12221 BLUE VALLEY PKWY OVERLAND PARK KS US,ChIJg8cveG7qwIcRQn0lFdcZDak
591,Wichita,9700 E KELLOGG,WICHITA,KS,67207-1821,Costco 9700 E KELLOGG WICHITA KS US,ChIJE-QgDYf8uocR8HW-Oq-KYI4
592,Bismarck,1325 57TH AVE NE,BISMARCK,ND,58503-6581,Costco 1325 57TH AVE NE BISMARCK ND US,ChIJgYGlrN6B11IRBOz44IUQWDQ
593,West Fargo ND,750 23RD AVE EAST,WEST FARGO,ND,58078-7804,Costco 750 23RD AVE EAST WEST FARGO ND US,ChIJDV2K3FAzz1IRNjjYueF337Y
594,Florence,800 HEIGHTS BLVD,FLORENCE,KY,41042-1415,Costco 800 HEIGHTS BLVD FLORENCE KY US,ChIJHSmdKjjHQYgRqJtuFxHT9Zg
595,Lexington,1500 FITZGERALD CT,LEXINGTON,KY,40509-8307,Costco 1500 FITZGERALD CT LEXINGTON KY US,ChIJ2dYXFNBPQogRdPani1Fwo1g
596,Louisville,3408 BARDSTOWN RD,LOUISVILLE,KY,40218-4608,Costco 3408 BARDSTOWN RD LOUISVILLE KY US,ChIJgSKWPXILaYgRVGheIwnOA7U
597,NE Louisville,5020 NORTON HEALTHCARE BLVD,LOUISVILLE,KY,40241-2835,Costco 5020 NORTON HEALTHCARE BLVD LOUISVILLE KY US,ChIJ60Ywx3eeaYgRwGzNUtf272c
598,Avon OH,35804 DETROIT ROAD,AVON,OH,44011-1681,Costco 35804 DETROIT ROAD AVON OH US,ChIJSZghHbmRMIgRfCrrH_q0OJI
599,Boston Heights,6720 BASS PRO DR,BOSTON HEIGHTS,OH,44236-1198,Costco 6720 BASS PRO DR BOSTON HEIGHTS OH US,ChIJrwEsWXIgMYgRnko93meT4s0
600,Centerville,5300 CORNERSTONE NORTH BLVD,CENTERVILLE,OH,45440-2268,Costco 5300 CORNERSTONE NORTH BLVD CENTERVILLE OH US,ChIJn_JSCduOQIgR0SdVk_rXwNg
601,Columbus,1500 GEMINI PL,COLUMBUS,OH,43240-7002,Costco 1500 GEMINI PL COLUMBUS OH US,ChIJgS5cM2n0OIgRefubxXwtSag
602,Deerfield,9691 WATERSTONE BLVD,CINCINNATI,OH,45249-8220,Costco 9691 WATERSTONE BLVD CINCINNATI OH US,ChIJHZ5Nc1BWQIgR03s3zaolr78
603,Easton OH,3888 STELZER RD,COLUMBUS,OH,43219-3044,Costco 3888 STELZER RD COLUMBUS OH US,ChIJfT4neipgOIgRmQe1TuP5afg
604,Liberty Township,7135 VETERANS BOULEVARD,LIBERTY TOWNSHIP,OH,45069,Costco 7135 VETERANS BOULEVARD LIBERTY TOWNSHIP OH US,ChIJM-zwIxdOQIgRJChtmBwBrN4
605,Mayfield Heights,1409 GOLDEN GATE BLVD,CLEVELAND,OH,44124-1808,Costco 1409 GOLDEN GATE BLVD CLEVELAND OH US,ChIJz_ruA18BMYgRY7HfgmroTWg
606,NW Columbus,7300 STATE ROUTE 161 E,PLAIN CITY,OH,43064-9276,Costco 7300 STATE ROUTE 161 E PLAIN CITY OH US,ChIJ75QmZ8uUOIgRQnnXwo90AQg
607,North Canton,4953 HUCKLEBERRY ST NW,NORTH CANTON,OH,44720,Costco 4953 HUCKLEBERRY ST NW NORTH CANTON OH US,ChIJ85yvdNjVNogR3Gox4NFa-uQ
608,Perrysburg,26400 DIXIE HWY,PERRYSBURG,OH,43551-1967,Costco 26400 DIXIE HWY PERRYSBURG OH US,ChIJH1N0wvd2PIgR0qz2-XUPkmg
609,Strongsville,16690 ROYALTON RD,STRONGSVILLE,OH,44136-4433,Costco 16690 ROYALTON RD STRONGSVILLE OH US,ChIJNa2MJXnqMIgRmZ164eouXjE
610,Toledo,3405 W CENTRAL AVE,TOLEDO,OH,43606-1402,Costco 3405 W CENTRAL AVE TOLEDO OH US,ChIJgYXASjt_PIgRUHtjUFCMOOc
